threshold,accuracy,precision_walking,recall_walking,f1_walking,f1_macro,false_positive_rate,false_negative_rate,tp,tn,fp,fn
0.05,0.2922722438851471,0.2744630071599045,0.8,0.40870724122612173,0.2637224133740408,0.9313249936175645,0.2,1380,269,3648,345
0.06,0.29369018078695497,0.2734562951082598,0.7907246376811594,0.40637568896171605,0.2672876038332973,0.9251978555016594,0.20927536231884059,1364,293,3624,361
0.07,0.29369018078695497,0.2714401294498382,0.7779710144927536,0.40245913930124455,0.2694852576246201,0.9195813122287465,0.22202898550724637,1342,315,3602,383
0.08,0.29847571783055654,0.27209634619310064,0.7727536231884058,0.40247584541062803,0.2765598111173312,0.9103906050548889,0.2272463768115942,1333,351,3566,392
0.09,0.3021978021978022,0.27242798353909464,0.767536231884058,0.40212604403948365,0.28214410310082294,0.9027316824100077,0.23246376811594202,1324,381,3536,401
0.1,0.30946472881956755,0.27446499065032204,0.7657971014492754,0.40409911287855615,0.2915986504131508,0.8914985958641818,0.23420289855072463,1321,425,3492,404
0.11,0.3160226869904289,0.27574611181168557,0.7605797101449275,0.40475088693506095,0.3004800050172076,0.8797549144753638,0.23942028985507247,1312,471,3446,413
0.12,0.3209854661467565,0.27624309392265195,0.7536231884057971,0.4042917120199036,0.3074415493954865,0.8695430176155221,0.2463768115942029,1300,511,3406,425
0.13,0.32842963488124777,0.2777777777777778,0.7478260869565218,0.40508714083843617,0.3170908745901235,0.8562675516977278,0.25217391304347825,1290,563,3354,435
0.14,0.3349875930521092,0.2792419952080157,0.7431884057971014,0.4059531348955035,0.3253598202657872,0.844779167730406,0.25681159420289856,1282,608,3309,443
0.15,0.34491315136476425,0.28192077893339235,0.7385507246376811,0.4080717488789238,0.3373692077727952,0.8284401327546592,0.2614492753623188,1274,672,3245,451
0.16,0.35253456221198154,0.2838565022421525,0.7339130434782609,0.4093775262732417,0.34648127147158847,0.8154199642583609,0.26608695652173914,1266,723,3194,459
0.17,0.3598014888337469,0.2859087814840027,0.7304347826086957,0.410958904109589,0.35493597379392494,0.803420985448047,0.26956521739130435,1260,770,3147,465
0.18,0.3652959943282524,0.2867647058823529,0.7234782608695652,0.41072897811420106,0.3615004598656275,0.7924431963237172,0.27652173913043476,1248,813,3104,477
0.19,0.37256292095001775,0.2891006274692075,0.721159420289855,0.41274054412740546,0.3696122811961228,0.7809548123563952,0.2788405797101449,1244,858,3059,481
0.2,0.37982984757178306,0.29139228598306677,0.7182608695652174,0.41458925882549774,0.3776356883914562,0.7692111309675772,0.2817391304347826,1239,904,3013,486
0.21,0.38869195320808225,0.2943702290076336,0.7153623188405797,0.4171032617880683,0.3872361846484593,0.7551697727852948,0.2846376811594203,1234,959,2958,491
0.22,0.3970223325062035,0.29741483450108724,0.7136231884057971,0.419849931787176,0.3960873275172042,0.7424049017104927,0.2863768115942029,1231,1009,2908,494
0.23,0.40517546969159873,0.29997547216090265,0.7089855072463768,0.4215787659427784,0.40469671606150226,0.7286188409497064,0.2910144927536232,1223,1063,2854,502
0.24,0.4115561857497341,0.3016662521760756,0.7031884057971014,0.4222067525234946,0.41135617510609546,0.7168751595608884,0.29681159420289854,1213,1109,2808,512
0.25,0.4205955334987593,0.3043588443993918,0.696231884057971,0.4235584552988891,0.4205802253333925,0.7007914220066377,0.30376811594202896,1201,1172,2745,524
0.26,0.4273307337823467,0.3068240123140072,0.6933333333333334,0.4253956962475547,0.4273242392207567,0.6898136328823079,0.30666666666666664,1196,1215,2702,529
0.27,0.4337114498404821,0.309190031152648,0.6904347826086956,0.4271113501882733,0.4336362778626665,0.6793464386009701,0.3095652173913043,1191,1256,2661,534
0.28,0.4406238922367955,0.311561759283645,0.6857971014492754,0.42846794639623326,0.4403707312682312,0.6673474597906561,0.31420289855072464,1183,1303,2614,542
0.29,0.44842254519673874,0.31491860154790496,0.6840579710144927,0.43128654970760233,0.4479213202770634,0.6553484809803422,0.3159420289855073,1180,1350,2567,545
0.3,0.4546260191421482,0.31739600216099406,0.6811594202898551,0.4330200847613783,0.4538329039138973,0.6451365841205003,0.3188405797101449,1175,1390,2527,550
0.31,0.46100673520028357,0.3195282501371366,0.6753623188405797,0.43381120834109105,0.4597603310435372,0.6333929027316824,0.32463768115942027,1165,1436,2481,560
0.32,0.46915987238567886,0.32292247629670945,0.671304347826087,0.4360760685369987,0.46732649902657736,0.6198621393923921,0.32869565217391306,1158,1489,2428,567
0.33,0.4757178305565402,0.3250070962248084,0.663768115942029,0.43635670731707316,0.4731485325849779,0.60709726831759,0.336231884057971,1145,1539,2378,580
0.34,0.4792626728110599,0.32496392496392495,0.6527536231884058,0.43391136801541424,0.4758989068498469,0.5971406688792443,0.3472463768115942,1126,1578,2339,599
0.35,0.4849344204182914,0.3273896521484946,0.6492753623188405,0.4352895452778857,0.48092271333623837,0.5874393668623947,0.3507246376811594,1120,1616,2301,605
0.36,0.48883374689826303,0.3281944856211088,0.6417391304347826,0.43428795606120046,0.4840369621883759,0.5785039571100332,0.3582608695652174,1107,1651,2266,618
0.37,0.49503722084367247,0.3308248043347381,0.6371014492753623,0.435506241331484,0.48935805893734696,0.5675261679857033,0.36289855072463767,1099,1694,2223,626
0.38,0.500177242112726,0.3327222731439047,0.6313043478260869,0.43577430972388953,0.4935791688613084,0.5575695685473576,0.36869565217391304,1089,1733,2184,636
0.39,0.5076214108472173,0.33654144675566594,0.6284057971014493,0.438334007278609,0.5000126962868274,0.5455705897370436,0.3715942028985507,1084,1780,2137,641
0.4,0.5148883374689827,0.34007585335018964,0.623768115942029,0.44017181427694824,0.5060905983034467,0.5330610160837376,0.37623188405797103,1076,1829,2088,649
0.41,0.5193193902871323,0.34208,0.6197101449275362,0.44082474226804125,0.5096570089953821,0.5248914985958641,0.38028985507246377,1069,1861,2056,656
0.42,0.5239276852180078,0.34404414151249596,0.6144927536231884,0.44111527257594674,0.5132405631172416,0.5159560888435026,0.3855072463768116,1060,1896,2021,665
0.43,0.5297766749379652,0.34706657877389585,0.6104347826086957,0.4425299432653919,0.5179699524756078,0.5057441919836609,0.38956521739130434,1053,1936,1981,672
0.44,0.5352711804324708,0.34944612286002014,0.6034782608695652,0.44260204081632654,0.5220608988276162,0.4947664028593311,0.39652173913043476,1041,1979,1938,684
0.45,0.542892591279688,0.3536668951336532,0.5982608695652174,0.4445401679948309,0.5280975196245801,0.4814909369415369,0.4017391304347826,1032,2031,1886,693
0.46,0.5499822757887274,0.3570926966292135,0.5895652173913043,0.4447846052919309,0.533225263456575,0.4674495787592545,0.41043478260869565,1017,2086,1831,708
0.47,0.5563629918468628,0.3602729885057471,0.5814492753623188,0.4448880017742293,0.5377207536546423,0.4546847076844524,0.41855072463768117,1003,2136,1781,722
0.48,0.5639844026940801,0.3648400147112909,0.5750724637681159,0.4464446444644464,0.5433977608287144,0.4408986469236661,0.42492753623188406,992,2190,1727,733
0.49,0.5708968450903935,0.36927122464312545,0.5698550724637681,0.4481422384317301,0.5485600274368307,0.428644370691856,0.4301449275362319,983,2238,1679,742
0.5,0.5771003190358029,0.3728357060407849,0.5617391304347826,0.44819611470860315,0.5526900113772901,0.4161347970385499,0.43826086956521737,969,2287,1630,756
0.51,0.5829493087557603,0.37628053585500393,0.553623188405797,0.4480412854797091,0.5564519203356386,0.4041358182282359,0.4463768115942029,955,2334,1583,770
0.52,0.5912796880538816,0.381862545750305,0.5443478260869565,0.4488527724665392,0.5620320200360864,0.38805208067398517,0.45565217391304347,939,2397,1520,786
0.53,0.597128677773839,0.386118038237739,0.5385507246376812,0.4497700314693779,0.5660006315602166,0.3770742915496553,0.46144927536231883,929,2440,1477,796
0.54,0.6020914569301666,0.3896434634974533,0.5321739130434783,0.44988973290860085,0.5691070211120819,0.3671176921113097,0.4678260869565217,918,2479,1438,807
0.55,0.6095356256646579,0.39608695652173914,0.5281159420289855,0.45267080745341615,0.5745927394478818,0.35460811845800355,0.4718840579710145,911,2528,1389,814
0.56,0.6150301311591634,0.40053404539385845,0.5217391304347826,0.45317220543806647,0.5780631267890551,0.34388562675516976,0.4782608695652174,900,2570,1347,825
0.57,0.6212336051045728,0.40610756608933457,0.5165217391304348,0.45470783363102835,0.5822758448535318,0.33265254020934387,0.4834782608695652,891,2614,1303,834
0.58,0.6277915632754343,0.4120956399437412,0.5095652173913043,0.4556765163297045,0.5864431598615935,0.3201429665560378,0.49043478260869566,879,2663,1254,846
0.59,0.6347040056717476,0.41899710703953713,0.503768115942029,0.45748881284548565,0.59106905572134,0.3076333929027317,0.49623188405797103,869,2712,1205,856
0.6,0.6405529953917051,0.4250371103414151,0.4979710144927536,0.4586225306994127,0.5947928254452224,0.29665560377840183,0.5020289855072464,859,2755,1162,866
0.61,0.6467564693371145,0.43121149897330596,0.48695652173913045,0.45739177783827933,0.5977669702487941,0.2828695430176155,0.5130434782608696,840,2809,1108,885
0.62,0.6533144275079759,0.43859649122807015,0.4782608695652174,0.45757071547420963,0.6014084366639086,0.2695940770998213,0.5217391304347826,825,2861,1056,900
0.63,0.662176533144275,0.44958217270194983,0.4678260869565217,0.45852272727272725,0.6065153564235868,0.2522338524380904,0.5321739130434783,807,2929,988,918
0.64,0.6660758596242468,0.454178674351585,0.4568115942028986,0.4554913294797688,0.6073468917337494,0.2417666581567526,0.5431884057971015,788,2970,947,937
0.65,0.6713931230060263,0.4617210682492582,0.4510144927536232,0.4563049853372434,0.6104232572101508,0.2315547612969109,0.5489855072463768,778,3010,907,947
0.66,0.6761786600496278,0.4685185185185185,0.44,0.4538116591928251,0.6118409599654767,0.21981107990809293,0.56,759,3056,861,966
0.67,0.6809641970932293,0.4755381604696673,0.4226086956521739,0.44751381215469616,0.6116213466455016,0.20525912688281847,0.577391304347826,729,3113,804,996
0.68,0.684509039347749,0.48140635564570655,0.4127536231884058,0.4444444444444444,0.6120737073707371,0.1958131222874649,0.5872463768115942,712,3150,767,1013
0.69,0.6892945763913506,0.4902370990237099,0.40753623188405796,0.4450775561886673,0.6146618550174106,0.18662241511360736,0.592463768115942,703,3186,731,1022
0.7,0.6937256292095002,0.4989075018208303,0.39710144927536234,0.4422207876049064,0.6155643395635086,0.17564462598927752,0.6028985507246377,685,3229,688,1040
0.71,0.6953208082240341,0.5022796352583586,0.38318840579710145,0.434725419269977,0.6130924196920066,0.1672198110799081,0.6168115942028985,661,3262,655,1064
0.72,0.6983339241403758,0.5091926458832934,0.36927536231884056,0.4280913978494624,0.6116143074947842,0.15675261679857033,0.6307246376811594,637,3303,614,1088
0.73,0.7011697979439915,0.5162635529608006,0.35884057971014494,0.42339261285909713,0.6108589858553859,0.14807250446770487,0.6411594202898551,619,3337,580,1106
0.74,0.7020560085076214,0.5192307692307693,0.3443478260869565,0.4140815615196933,0.6071596161727997,0.1404135818228236,0.6556521739130434,594,3367,550,1131
0.75,0.7017015242821695,0.5192307692307693,0.32869565217391306,0.402555910543131,0.6018921043208155,0.1340311462854225,0.671304347826087,567,3392,525,1158
0.76,0.7038284296348812,0.525911708253359,0.31768115942028985,0.39609685580050596,0.5999505060968011,0.1261169262190452,0.6823188405797102,548,3423,494,1177
0.77,0.7050691244239631,0.5310274669379451,0.3026086956521739,0.38552437223042835,0.5957472607420798,0.11769211130967577,0.697391304347826,522,3456,461,1203
0.78,0.7054236086494151,0.5338345864661654,0.2881159420289855,0.3742469879518072,0.590809168523887,0.11079908092928262,0.7118840579710145,497,3483,434,1228
0.79,0.7075505140021269,0.5431530494821634,0.2736231884057971,0.36391673091750193,0.5870216565979914,0.10135307633392902,0.7263768115942029,472,3520,397,1253
0.8,0.707196029776675,0.5448954489544895,0.25681159420289856,0.3490937746256895,0.5801037132904345,0.09446004595353587,0.7431884057971014,443,3547,370,1282
0.81,0.706487061325771,0.5446313065976714,0.24405797101449275,0.33706965572457964,0.5742939901659547,0.0898646923666071,0.7559420289855072,421,3565,352,1304
0.82,0.707196029776675,0.5500685871056241,0.23246376811594202,0.32681336593317034,0.5698619491047505,0.08373755425070206,0.767536231884058,401,3589,328,1324
0.83,0.7068415455512229,0.5516739446870451,0.21971014492753624,0.3142620232172471,0.5639164038538895,0.07863160582078121,0.7802898550724637,379,3609,308,1346
0.84,0.7032967032967034,0.5401574803149606,0.19884057971014493,0.29067796610169494,0.5515469615358317,0.07454684707684453,0.8011594202898551,343,3625,292,1382
0.85,0.6992201347040057,0.5234899328859061,0.1808695652173913,0.2688496337785437,0.5397578527031734,0.07250446770487617,0.8191304347826087,312,3633,284,1413
0.86,0.6972704714640199,0.5152057245080501,0.16695652173913045,0.2521891418563923,0.5312056820393072,0.06918560122542762,0.8330434782608696,288,3646,271,1437
0.87,0.6942573555476781,0.5,0.15246376811594203,0.23367392270102177,0.52135373318711,0.06714322185345928,0.847536231884058,263,3654,263,1462
0.88,0.6905352711804325,0.47835051546391755,0.1344927536231884,0.20995475113122172,0.5087684269211321,0.06459024763849885,0.8655072463768116,232,3664,253,1493
0.89,0.6868131868131868,0.4533333333333333,0.11826086956521739,0.18758620689655173,0.4968011175003123,0.06280316568802655,0.8817391304347826,204,3671,246,1521
0.9,0.6853952499113789,0.44019138755980863,0.10666666666666667,0.17172188520765283,0.48877090869068784,0.059739596630074034,0.8933333333333333,184,3683,234,1541
0.91,0.6822048918823113,0.4114583333333333,0.09159420289855072,0.14983404457088667,0.477205850623318,0.05769721725810569,0.9084057971014493,158,3691,226,1567
0.92,0.6802552286423255,0.3868194842406877,0.0782608695652174,0.13018322082931533,0.46715458544180205,0.05463364820015318,0.9217391304347826,135,3703,214,1590
0.93,0.6799007444168734,0.36454849498327757,0.06318840579710144,0.10770750988142293,0.4563375562366078,0.048506510084248146,0.9368115942028985,109,3727,190,1616
0.94,0.6784828075150656,0.32950191570881227,0.049855072463768114,0.0866062437059416,0.44575526209818483,0.0446770487618075,0.9501449275362319,86,3742,175,1639
0.95,0.6781283232896136,0.30131004366812225,0.04,0.07062436028659161,0.4379917085462969,0.04084758743936686,0.96,69,3757,160,1656
