reference,time_center,mov_type,target,block_id,nearest_transition_distance_s
02548893X-118,2025-02-28 09:48:09.010000+00:00,walking,1,1,1.0
02548893X-118,2025-02-28 09:48:10.010000+00:00,not_walking,0,1,1.0
02548893X-118,2025-02-28 09:48:15.010000+00:00,not_walking,0,1,1.0
02548893X-118,2025-02-28 09:48:16.010000+00:00,walking,1,1,1.0
02548893X-118,2025-02-28 09:48:17.010000+00:00,not_walking,0,1,1.0
02548893X-118,2025-02-28 09:48:23.010000+00:00,not_walking,0,1,1.0
02548893X-118,2025-02-28 09:48:24.010000+00:00,walking,1,1,1.0
02548893X-118,2025-02-28 09:48:25.010000+00:00,not_walking,0,1,1.0
02548893X-118,2025-02-28 09:48:31.010000+00:00,not_walking,0,1,1.0
02548893X-118,2025-02-28 09:48:32.010000+00:00,walking,1,1,1.0
02548893X-118,2025-02-28 09:48:34.010000+00:00,walking,1,1,1.0
02548893X-118,2025-02-28 09:48:35.010000+00:00,not_walking,0,1,1.0
02548893X-118,2025-02-28 09:48:38.010000+00:00,not_walking,0,1,1.0
02548893X-118,2025-02-28 09:48:39.010000+00:00,walking,1,1,1.0
02548893X-118,2025-02-28 09:48:41.010000+00:00,walking,1,1,1.0
02548893X-118,2025-02-28 09:48:42.010000+00:00,not_walking,0,1,1.0
02548893X-118,2025-02-28 09:48:44.010000+00:00,not_walking,0,1,1.0
02548893X-118,2025-02-28 09:48:45.010000+00:00,walking,1,1,1.0
02548893X-118,2025-02-28 09:48:46.010000+00:00,not_walking,0,1,1.0
02548893X-118,2025-02-28 09:48:47.010000+00:00,walking,1,1,1.0
02548893X-118,2025-02-28 09:48:50.010000+00:00,walking,1,1,1.0
02548893X-118,2025-02-28 09:48:51.010000+00:00,not_walking,0,1,1.0
02548893X-118,2025-02-28 09:48:52.010000+00:00,not_walking,0,1,1.0
02548893X-118,2025-02-28 09:48:53.010000+00:00,walking,1,1,1.0
02548893X-118,2025-02-28 09:48:54.010000+00:00,walking,1,1,1.0
02548893X-118,2025-02-28 09:48:55.010000+00:00,not_walking,0,1,1.0
02548893X-118,2025-02-28 09:49:07.010000+00:00,not_walking,0,1,1.0
02548893X-118,2025-02-28 09:49:08.010000+00:00,walking,1,1,1.0
02548893X-118,2025-02-28 09:49:10.010000+00:00,walking,1,1,1.0
02548893X-118,2025-02-28 09:49:11.010000+00:00,not_walking,0,1,1.0
02548893X-118,2025-02-28 09:49:18.010000+00:00,not_walking,0,1,1.0
02548893X-118,2025-02-28 09:49:19.010000+00:00,walking,1,1,1.0
02548893X-118,2025-02-28 09:49:20.010000+00:00,not_walking,0,1,1.0
02548893X-118,2025-02-28 09:49:21.010000+00:00,not_walking,0,1,1.0
02548893X-118,2025-02-28 09:49:22.010000+00:00,walking,1,1,1.0
02548893X-118,2025-02-28 09:49:23.010000+00:00,not_walking,0,1,1.0
02548893X-118,2025-02-28 09:49:24.010000+00:00,walking,1,1,1.0
02548893X-118,2025-02-28 09:49:28.010000+00:00,walking,1,1,1.0
02548893X-118,2025-02-28 09:49:29.010000+00:00,not_walking,0,1,1.0
04845288Q-121,2025-03-01 11:32:29.010000+00:00,walking,1,2,1.0
04845288Q-121,2025-03-01 11:32:30.010000+00:00,not_walking,0,2,1.0
04845288Q-121,2025-03-01 11:32:41.010000+00:00,not_walking,0,2,1.0
04845288Q-121,2025-03-01 11:32:42.010000+00:00,walking,1,2,1.0
04845288Q-121,2025-03-01 11:32:48.010000+00:00,walking,1,2,1.0
04845288Q-121,2025-03-01 11:32:49.010000+00:00,not_walking,0,2,1.0
04845288Q-121,2025-03-01 11:35:31.010000+00:00,not_walking,0,3,2.0
04845288Q-121,2025-03-01 11:35:33.010000+00:00,walking,1,3,2.0
04845288Q-121,2025-03-01 11:35:43.010000+00:00,walking,1,3,2.0
04845288Q-121,2025-03-01 11:35:45.010000+00:00,not_walking,0,3,2.0
04845288Q-121,2025-03-01 11:36:15.010000+00:00,not_walking,0,3,1.0
04845288Q-121,2025-03-01 11:36:16.010000+00:00,walking,1,3,1.0
04845288Q-121,2025-03-01 11:37:57.010000+00:00,walking,1,3,1.0
04845288Q-121,2025-03-01 11:37:58.010000+00:00,not_walking,0,3,1.0
04845288Q-121,2025-03-01 11:38:17.010000+00:00,not_walking,0,3,1.0
04845288Q-121,2025-03-01 11:38:18.010000+00:00,walking,1,3,1.0
04845288Q-121,2025-03-01 11:38:41.010000+00:00,walking,1,3,3.0
04845288Q-121,2025-03-01 11:38:44.010000+00:00,not_walking,0,3,3.0
04845288Q-121,2025-03-01 11:39:22.010000+00:00,not_walking,0,3,1.0
04845288Q-121,2025-03-01 11:39:23.010000+00:00,walking,1,3,1.0
04845288Q-121,2025-03-01 11:39:33.010000+00:00,walking,1,3,1.0
04845288Q-121,2025-03-01 11:39:34.010000+00:00,not_walking,0,3,1.0
04845288Q-121,2025-03-01 11:40:24.010000+00:00,walking,1,4,1.0
04845288Q-121,2025-03-01 11:40:25.010000+00:00,not_walking,0,4,1.0
47046344M-104,2024-10-15 07:29:59.010000+00:00,not_walking,0,14,3.0
47046344M-104,2024-10-15 07:30:02.010000+00:00,walking,1,14,3.0
47046344M-104,2024-10-15 07:30:15.010000+00:00,walking,1,14,1.0
47046344M-104,2024-10-15 07:30:16.010000+00:00,not_walking,0,14,1.0
47046344M-104,2024-10-15 07:31:50.010000+00:00,not_walking,0,14,4.01
47046344M-104,2024-10-15 07:31:54.020000+00:00,walking,1,14,4.01
47046344M-104,2024-10-15 07:37:25.010000+00:00,not_walking,0,16,1.0
47046344M-104,2024-10-15 07:37:26.010000+00:00,walking,1,16,1.0
47046344M-104,2024-10-15 07:37:30.010000+00:00,walking,1,16,1.0
47046344M-104,2024-10-15 07:37:31.010000+00:00,not_walking,0,16,1.0
47046344M-104,2024-10-15 07:37:32.010000+00:00,walking,1,16,1.0
47046344M-104,2024-10-15 07:37:33.010000+00:00,walking,1,16,1.0
47046344M-104,2024-10-15 07:37:34.010000+00:00,not_walking,0,16,1.0
47046344M-104,2024-10-15 07:37:41.010000+00:00,not_walking,0,16,1.0
47046344M-104,2024-10-15 07:37:42.010000+00:00,walking,1,16,1.0
47046344M-104,2024-10-15 07:37:43.010000+00:00,not_walking,0,16,1.0
47046344M-104,2024-10-15 07:37:49.010000+00:00,not_walking,0,16,1.0
47046344M-104,2024-10-15 07:37:50.010000+00:00,walking,1,16,1.0
47046344M-104,2024-10-15 07:37:51.010000+00:00,walking,1,16,1.0
47046344M-104,2024-10-15 07:37:52.010000+00:00,not_walking,0,16,1.0
47046344M-104,2024-10-15 07:37:56.010000+00:00,not_walking,0,16,1.0
47046344M-104,2024-10-15 07:37:57.010000+00:00,walking,1,16,1.0
47046344M-104,2024-10-15 07:37:58.010000+00:00,not_walking,0,16,1.0
47046344M-104,2024-10-15 07:37:59.010000+00:00,walking,1,16,1.0
47046344M-104,2024-10-15 07:38:00.010000+00:00,walking,1,16,1.0
47046344M-104,2024-10-15 07:38:01.010000+00:00,not_walking,0,16,1.0
47046344M-104,2024-10-15 07:38:02.010000+00:00,walking,1,16,1.0
47046344M-104,2024-10-15 07:38:03.010000+00:00,not_walking,0,16,1.0
47046344M-104,2024-10-15 07:38:08.010000+00:00,not_walking,0,16,1.0
47046344M-104,2024-10-15 07:38:09.010000+00:00,walking,1,16,1.0
47046344M-104,2024-10-15 07:38:11.010000+00:00,not_walking,0,16,2.0
47046344M-104,2024-10-15 07:38:31.010000+00:00,not_walking,0,16,1.0
47046344M-104,2024-10-15 07:38:32.010000+00:00,walking,1,16,1.0
47046344M-104,2024-10-15 07:44:11.010000+00:00,walking,1,19,2.0
47046344M-104,2024-10-15 07:44:13.010000+00:00,not_walking,0,19,2.0
47046344M-104,2024-10-15 07:45:23.010000+00:00,not_walking,0,19,2.0
47046344M-104,2024-10-15 07:45:25.010000+00:00,walking,1,19,2.0
54217882M-109,2025-03-19 11:12:18.020000+00:00,walking,1,36,1.0
54217882M-109,2025-03-19 11:12:19.020000+00:00,not_walking,0,36,1.0
54217882M-109,2025-03-19 11:21:14.020000+00:00,walking,1,47,2.0
54217882M-109,2025-03-19 11:21:16.020000+00:00,not_walking,0,47,2.0
54217882M-109,2025-03-19 11:22:17.020000+00:00,not_walking,0,48,2.0
54217882M-109,2025-03-19 11:22:19.020000+00:00,walking,1,48,2.0
54217882M-109,2025-03-19 11:34:28+00:00,walking,1,65,4.0
54217882M-109,2025-03-19 11:34:32+00:00,not_walking,0,65,4.0
54217882M-109,2025-03-19 11:34:47+00:00,not_walking,0,65,4.0
54217882M-109,2025-03-19 11:34:51+00:00,walking,1,65,4.0
54217882M-109,2025-03-19 11:36:29+00:00,walking,1,69,1.0
54217882M-109,2025-03-19 11:36:30+00:00,not_walking,0,69,1.0
54217882M-109,2025-03-19 11:40:07.010000+00:00,not_walking,0,75,1.0
54217882M-109,2025-03-19 11:40:08.010000+00:00,walking,1,75,1.0
54217882M-109,2025-03-19 11:41:49.010000+00:00,not_walking,0,77,1.0
54217882M-109,2025-03-19 11:41:50.010000+00:00,walking,1,77,1.0
54217882M-109,2025-03-19 11:49:09.010000+00:00,not_walking,0,94,2.0
54217882M-109,2025-03-19 11:49:11.010000+00:00,walking,1,94,2.0
663495-44,2025-03-22 17:04:10+00:00,not_walking,0,98,1.0
663495-44,2025-03-22 17:04:11+00:00,walking,1,98,1.0
ACL1998-96,2025-07-16 07:08:06.450000+00:00,walking,1,163,3.0
ACL1998-96,2025-07-16 07:08:09.450000+00:00,not_walking,0,163,3.0
ACL1998-96,2025-07-16 07:17:30.020000+00:00,walking,1,177,3.0
ACL1998-96,2025-07-16 07:17:33.020000+00:00,not_walking,0,177,3.0
ACL1998-96,2025-07-16 07:17:42.020000+00:00,not_walking,0,177,1.0
ACL1998-96,2025-07-16 07:17:43.020000+00:00,walking,1,177,1.0
ACL1998-96,2025-07-16 07:19:32.020000+00:00,walking,1,183,3.0
ACL1998-96,2025-07-16 07:19:35.020000+00:00,not_walking,0,183,3.0
ACL1998-96,2025-07-16 07:19:41.020000+00:00,not_walking,0,183,2.0
ACL1998-96,2025-07-16 07:19:43.020000+00:00,walking,1,183,2.0
ACL1998-96,2025-07-16 07:45:56.010000+00:00,walking,1,233,2.0
ACL1998-96,2025-07-16 07:45:58.010000+00:00,not_walking,0,233,2.0
ACL1998-96,2025-07-16 07:47:50.010000+00:00,walking,1,237,1.0
ACL1998-96,2025-07-16 07:47:51.010000+00:00,not_walking,0,237,1.0
ACL1998-96,2025-07-16 07:47:56.010000+00:00,not_walking,0,237,3.0
ACL1998-96,2025-07-16 07:47:59.010000+00:00,walking,1,237,3.0
ACL1998-96,2025-07-16 07:49:52.010000+00:00,not_walking,0,241,2.0
ACL1998-96,2025-07-16 07:49:54.010000+00:00,walking,1,241,2.0
ACL1998-96,2025-07-16 08:17:00.020000+00:00,walking,1,242,1.0
ACL1998-96,2025-07-16 08:17:01.020000+00:00,not_walking,0,242,1.0
ACL1998-96,2025-07-16 08:17:04.020000+00:00,not_walking,0,242,1.0
ACL1998-96,2025-07-16 08:17:05.020000+00:00,walking,1,242,1.0
ACL1998-96,2025-07-16 08:17:08.020000+00:00,walking,1,242,1.0
ACL1998-96,2025-07-16 08:17:09.020000+00:00,not_walking,0,242,1.0
ACL1998-96,2025-07-16 08:17:10.020000+00:00,walking,1,242,1.0
ACL1998-96,2025-07-16 08:17:16.020000+00:00,walking,1,242,1.0
ACL1998-96,2025-07-16 08:17:17.020000+00:00,not_walking,0,242,1.0
ACL1998-96,2025-07-16 08:17:25.020000+00:00,not_walking,0,242,1.0
ACL1998-96,2025-07-16 08:17:26.020000+00:00,walking,1,242,1.0
ACL1998-96,2025-07-16 08:17:27.020000+00:00,not_walking,0,242,1.0
ACL1998-96,2025-07-16 08:17:28.020000+00:00,walking,1,242,1.0
ACL1998-96,2025-07-16 08:17:29.020000+00:00,not_walking,0,242,1.0
ACL1998-96,2025-07-16 08:17:30.020000+00:00,not_walking,0,242,1.0
ACL1998-96,2025-07-16 08:17:31.020000+00:00,walking,1,242,1.0
ACL1998-96,2025-07-16 08:17:32.020000+00:00,walking,1,242,1.0
ACL1998-96,2025-07-16 08:17:33.020000+00:00,not_walking,0,242,1.0
ACL1998-96,2025-07-16 08:17:34.020000+00:00,walking,1,242,1.0
ACL1998-96,2025-07-16 08:17:35.020000+00:00,walking,1,242,1.0
ACL1998-96,2025-07-16 08:17:36.020000+00:00,not_walking,0,242,1.0
ACL1998-96,2025-07-16 08:17:39.020000+00:00,not_walking,0,242,1.0
ACL1998-96,2025-07-16 08:17:40.020000+00:00,walking,1,242,1.0
ACL1998-96,2025-07-16 08:17:41.020000+00:00,not_walking,0,242,1.0
ACL1998-96,2025-07-16 08:17:42.020000+00:00,walking,1,242,1.0
ACL1998-96,2025-07-16 08:17:43.020000+00:00,not_walking,0,242,1.0
ACL1998-96,2025-07-16 08:17:44.020000+00:00,not_walking,0,242,1.0
ACL1998-96,2025-07-16 08:17:45.020000+00:00,walking,1,242,1.0
ACL1998-96,2025-07-16 08:17:47.020000+00:00,walking,1,242,1.0
ACL1998-96,2025-07-16 08:17:48.020000+00:00,not_walking,0,242,1.0
ACL1998-96,2025-07-16 08:17:49.020000+00:00,not_walking,0,242,1.0
ACL1998-96,2025-07-16 08:17:50.020000+00:00,walking,1,242,1.0
ACL1998-96,2025-07-16 08:17:51.020000+00:00,not_walking,0,242,1.0
ACL1998-96,2025-07-16 08:17:54.020000+00:00,not_walking,0,242,1.0
ACL1998-96,2025-07-16 08:17:55.020000+00:00,walking,1,242,1.0
ACL1998-96,2025-07-16 08:25:28.020000+00:00,walking,1,242,1.0
ACL1998-96,2025-07-16 08:25:29.020000+00:00,not_walking,0,242,1.0
ACL1998-96,2025-07-16 08:25:30.020000+00:00,not_walking,0,242,1.0
ACL1998-96,2025-07-16 08:25:31.020000+00:00,walking,1,242,1.0
ACL1998-96,2025-07-16 08:25:32.020000+00:00,not_walking,0,242,1.0
ACL1998-96,2025-07-16 08:25:33.020000+00:00,not_walking,0,242,1.0
ACL1998-96,2025-07-16 08:25:34.020000+00:00,walking,1,242,1.0
ACL1998-96,2025-07-16 08:25:37.020000+00:00,walking,1,242,1.0
ACL1998-96,2025-07-16 08:25:38.020000+00:00,not_walking,0,242,1.0
ACL1998-96,2025-07-16 08:25:39.020000+00:00,not_walking,0,242,1.0
ACL1998-96,2025-07-16 08:25:40.020000+00:00,walking,1,242,1.0
ACL1998-96,2025-07-16 08:25:41.020000+00:00,not_walking,0,242,1.0
ACL1998-96,2025-07-16 08:25:44.020000+00:00,not_walking,0,242,1.0
ACL1998-96,2025-07-16 08:25:45.020000+00:00,walking,1,242,1.0
ACL1998-96,2025-07-16 08:25:46.020000+00:00,not_walking,0,242,1.0
ACL1998-96,2025-07-16 08:25:47.020000+00:00,not_walking,0,242,1.0
ACL1998-96,2025-07-16 08:25:48.020000+00:00,walking,1,242,1.0
ACL1998-96,2025-07-16 08:25:51.020000+00:00,walking,1,242,1.0
ACL1998-96,2025-07-16 08:25:52.020000+00:00,not_walking,0,242,1.0
ACL1998-96,2025-07-16 08:25:55.020000+00:00,not_walking,0,242,1.0
ACL1998-96,2025-07-16 08:25:56.020000+00:00,walking,1,242,1.0
ACL1998-96,2025-07-16 08:26:09.020000+00:00,walking,1,242,1.0
ACL1998-96,2025-07-16 08:26:10.020000+00:00,not_walking,0,242,1.0
ACL1998-96,2025-07-16 08:26:11.020000+00:00,not_walking,0,242,1.0
ACL1998-96,2025-07-16 08:26:12.020000+00:00,walking,1,242,1.0
ACL1998-96,2025-07-16 08:26:17.020000+00:00,walking,1,242,1.0
ACL1998-96,2025-07-16 08:26:18.020000+00:00,not_walking,0,242,1.0
ACL1998-96,2025-07-16 08:26:19.020000+00:00,walking,1,242,1.0
ACL1998-96,2025-07-16 08:26:21.020000+00:00,walking,1,242,1.0
ACL1998-96,2025-07-16 08:26:22.020000+00:00,not_walking,0,242,1.0
ACL1998-96,2025-07-16 08:26:23.020000+00:00,walking,1,242,1.0
ACL1998-96,2025-07-16 08:29:53.020000+00:00,walking,1,242,1.0
ACL1998-96,2025-07-16 08:29:54.020000+00:00,not_walking,0,242,1.0
ACL1998-96,2025-07-16 08:30:02.020000+00:00,not_walking,0,242,1.0
ACL1998-96,2025-07-16 08:30:03.020000+00:00,walking,1,242,1.0
ACL1998-96,2025-07-16 08:30:04.020000+00:00,not_walking,0,242,1.0
ACL1998-96,2025-07-16 08:30:10.020000+00:00,not_walking,0,242,1.0
ACL1998-96,2025-07-16 08:30:11.020000+00:00,walking,1,242,1.0
ACL1998-96,2025-07-16 08:30:12.020000+00:00,not_walking,0,242,1.0
ACL1998-96,2025-07-16 08:30:25.020000+00:00,not_walking,0,242,1.0
ACL1998-96,2025-07-16 08:30:26.020000+00:00,walking,1,242,1.0
ACL1998-96,2025-07-16 08:30:27.020000+00:00,not_walking,0,242,1.0
ACL1998-96,2025-07-16 08:30:52.020000+00:00,not_walking,0,242,1.0
ACL1998-96,2025-07-16 08:30:53.020000+00:00,walking,1,242,1.0
ACL1998-96,2025-07-16 08:36:30.020000+00:00,walking,1,242,1.0
ACL1998-96,2025-07-16 08:36:31.020000+00:00,not_walking,0,242,1.0
ACL1998-96,2025-07-16 08:36:32.020000+00:00,not_walking,0,242,1.0
ACL1998-96,2025-07-16 08:36:33.020000+00:00,walking,1,242,1.0
ACL1998-96,2025-07-16 08:36:34.020000+00:00,walking,1,242,1.0
ACL1998-96,2025-07-16 08:36:35.020000+00:00,not_walking,0,242,1.0
ACL1998-96,2025-07-16 08:36:37.020000+00:00,not_walking,0,242,1.0
ACL1998-96,2025-07-16 08:36:38.020000+00:00,walking,1,242,1.0
ACL1998-96,2025-07-16 08:36:39.020000+00:00,not_walking,0,242,1.0
ACL1998-96,2025-07-16 08:36:40.020000+00:00,walking,1,242,1.0
ACL1998-96,2025-07-16 08:36:41.020000+00:00,not_walking,0,242,1.0
ACL1998-96,2025-07-16 08:36:42.020000+00:00,not_walking,0,242,1.0
ACL1998-96,2025-07-16 08:36:43.020000+00:00,walking,1,242,1.0
ACL1998-96,2025-07-16 08:36:44.020000+00:00,walking,1,242,1.0
ACL1998-96,2025-07-16 08:36:45.020000+00:00,not_walking,0,242,1.0
ACL1998-96,2025-07-16 08:36:47.020000+00:00,not_walking,0,242,1.0
ACL1998-96,2025-07-16 08:36:48.020000+00:00,walking,1,242,1.0
ACL1998-96,2025-07-16 08:36:49.020000+00:00,not_walking,0,242,1.0
ACL1998-96,2025-07-16 08:36:50.020000+00:00,not_walking,0,242,1.0
ACL1998-96,2025-07-16 08:36:51.020000+00:00,walking,1,242,1.0
ACL1998-96,2025-07-16 08:36:52.020000+00:00,not_walking,0,242,1.0
ACL1998-96,2025-07-16 08:36:54.020000+00:00,not_walking,0,242,1.0
ACL1998-96,2025-07-16 08:36:55.020000+00:00,walking,1,242,1.0
ACL1998-96,2025-07-16 08:36:57.020000+00:00,walking,1,242,1.0
ACL1998-96,2025-07-16 08:36:58.020000+00:00,not_walking,0,242,1.0
ACL1998-96,2025-07-16 08:37:04.020000+00:00,not_walking,0,242,1.0
ACL1998-96,2025-07-16 08:37:05.020000+00:00,walking,1,242,1.0
ACL1998-96,2025-07-16 08:37:06.020000+00:00,not_walking,0,242,1.0
ACL1998-96,2025-07-16 08:37:14.020000+00:00,not_walking,0,242,1.0
ACL1998-96,2025-07-16 08:37:15.020000+00:00,walking,1,242,1.0
ACL1998-96,2025-07-16 08:37:16.020000+00:00,not_walking,0,242,1.0
ACL1998-96,2025-07-16 08:37:18.020000+00:00,not_walking,0,242,1.0
ACL1998-96,2025-07-16 08:37:19.020000+00:00,walking,1,242,1.0
ACL1998-96,2025-07-16 08:37:20.020000+00:00,not_walking,0,242,1.0
ACL1998-96,2025-07-16 08:37:23.020000+00:00,not_walking,0,242,1.0
ACL1998-96,2025-07-16 08:37:24.020000+00:00,walking,1,242,1.0
ACL1998-96,2025-07-16 08:37:25.020000+00:00,not_walking,0,242,1.0
ACL1998-96,2025-07-16 08:37:26.020000+00:00,walking,1,242,1.0
ACL1998-96,2025-07-16 08:37:27.020000+00:00,not_walking,0,242,1.0
ACL1998-96,2025-07-16 08:37:28.020000+00:00,walking,1,242,1.0
ACL1998-96,2025-07-16 08:37:29.020000+00:00,not_walking,0,242,1.0
ACL1998-96,2025-07-16 08:37:31.020000+00:00,not_walking,0,242,1.0
ACL1998-96,2025-07-16 08:37:32.020000+00:00,walking,1,242,1.0
ACL1998-96,2025-07-16 08:39:08.020000+00:00,walking,1,242,1.0
ACL1998-96,2025-07-16 08:39:09.020000+00:00,not_walking,0,242,1.0
ACL1998-96,2025-07-16 08:39:10.020000+00:00,walking,1,242,1.0
ACL1998-96,2025-07-16 08:39:11.020000+00:00,walking,1,242,1.0
ACL1998-96,2025-07-16 08:39:12.020000+00:00,not_walking,0,242,1.0
ACL1998-96,2025-07-16 08:39:13.020000+00:00,walking,1,242,1.0
ACL1998-96,2025-07-16 08:39:15.020000+00:00,walking,1,242,1.0
ACL1998-96,2025-07-16 08:39:16.020000+00:00,not_walking,0,242,1.0
ACL1998-96,2025-07-16 08:39:28.020000+00:00,not_walking,0,242,1.0
ACL1998-96,2025-07-16 08:39:29.020000+00:00,walking,1,242,1.0
ACL1998-96,2025-07-16 08:39:30.020000+00:00,not_walking,0,242,1.0
ACL1998-96,2025-07-16 08:39:36.020000+00:00,not_walking,0,242,1.0
ACL1998-96,2025-07-16 08:39:37.020000+00:00,walking,1,242,1.0
ACL1998-96,2025-07-16 08:39:38.020000+00:00,not_walking,0,242,1.0
ACL1998-96,2025-07-16 08:39:43.020000+00:00,not_walking,0,242,1.0
ACL1998-96,2025-07-16 08:39:44.020000+00:00,walking,1,242,1.0
ACL1998-96,2025-07-16 08:39:45.020000+00:00,not_walking,0,242,1.0
ACL1998-96,2025-07-16 08:39:52.020000+00:00,not_walking,0,242,1.0
ACL1998-96,2025-07-16 08:39:53.020000+00:00,walking,1,242,1.0
ACL1998-96,2025-07-16 08:39:54.020000+00:00,not_walking,0,242,1.0
ACL1998-96,2025-07-16 08:39:55.020000+00:00,walking,1,242,1.0
ACL1998-96,2025-07-16 08:39:56.020000+00:00,not_walking,0,242,1.0
ACL1998-96,2025-07-16 08:39:58.020000+00:00,not_walking,0,242,1.0
ACL1998-96,2025-07-16 08:39:59.020000+00:00,walking,1,242,1.0
ACL1998-96,2025-07-16 08:40:00.020000+00:00,not_walking,0,242,1.0
ACL1998-96,2025-07-16 08:40:05.020000+00:00,not_walking,0,242,1.0
ACL1998-96,2025-07-16 08:40:06.020000+00:00,walking,1,242,1.0
ACL1998-96,2025-07-16 08:40:07.020000+00:00,not_walking,0,242,1.0
ACL1998-96,2025-07-16 08:40:22.020000+00:00,not_walking,0,242,1.0
ACL1998-96,2025-07-16 08:40:23.020000+00:00,walking,1,242,1.0
ACL1998-96,2025-07-16 08:40:24.020000+00:00,not_walking,0,242,1.0
ACL1998-96,2025-07-16 08:40:25.020000+00:00,not_walking,0,242,1.0
ACL1998-96,2025-07-16 08:40:26.020000+00:00,walking,1,242,1.0
ACL1998-96,2025-07-16 08:40:29.020000+00:00,walking,1,242,1.0
ACL1998-96,2025-07-16 08:40:30.020000+00:00,not_walking,0,242,1.0
ACL1998-96,2025-07-16 08:40:31.020000+00:00,not_walking,0,242,1.0
ACL1998-96,2025-07-16 08:40:32.020000+00:00,walking,1,242,1.0
ACL1998-96,2025-07-16 08:40:33.020000+00:00,not_walking,0,242,1.0
ACL1998-96,2025-07-16 08:40:37.020000+00:00,not_walking,0,242,1.0
ACL1998-96,2025-07-16 08:40:38.020000+00:00,walking,1,242,1.0
ACL1998-96,2025-07-16 08:40:39.020000+00:00,not_walking,0,242,1.0
ACL1998-96,2025-07-16 08:40:43.020000+00:00,not_walking,0,242,1.0
ACL1998-96,2025-07-16 08:40:44.020000+00:00,walking,1,242,1.0
ACL1998-96,2025-07-16 08:40:45.020000+00:00,not_walking,0,242,1.0
ACL1998-96,2025-07-16 08:40:48.020000+00:00,not_walking,0,242,1.0
ACL1998-96,2025-07-16 08:40:49.020000+00:00,walking,1,242,1.0
ACL1998-96,2025-07-16 08:40:50.020000+00:00,not_walking,0,242,1.0
ACL1998-96,2025-07-16 08:40:56.020000+00:00,not_walking,0,242,1.0
ACL1998-96,2025-07-16 08:40:57.020000+00:00,walking,1,242,1.0
ACL1998-96,2025-07-16 08:40:58.020000+00:00,not_walking,0,242,1.0
ACL1998-96,2025-07-16 08:40:59.020000+00:00,not_walking,0,242,1.0
ACL1998-96,2025-07-16 08:41:00.020000+00:00,walking,1,242,1.0
ACL1998-96,2025-07-16 08:41:01.020000+00:00,not_walking,0,242,1.0
ACL1998-96,2025-07-16 08:41:02.020000+00:00,walking,1,242,1.0
ACL1998-96,2025-07-16 08:41:03.020000+00:00,walking,1,242,1.0
ACL1998-96,2025-07-16 08:41:04.020000+00:00,not_walking,0,242,1.0
ACL1998-96,2025-07-16 08:41:05.020000+00:00,not_walking,0,242,1.0
ACL1998-96,2025-07-16 08:41:06.020000+00:00,walking,1,242,1.0
ACL1998-96,2025-07-16 08:41:07.020000+00:00,walking,1,242,1.0
ACL1998-96,2025-07-16 08:41:08.020000+00:00,not_walking,0,242,1.0
ACL1998-96,2025-07-16 08:41:09.020000+00:00,walking,1,242,1.0
ACL1998-96,2025-07-16 08:41:10.020000+00:00,not_walking,0,242,1.0
ACL1998-96,2025-07-16 08:41:13.020000+00:00,not_walking,0,242,1.0
ACL1998-96,2025-07-16 08:41:14.020000+00:00,walking,1,242,1.0
ACL1998-96,2025-07-16 08:41:18.020000+00:00,walking,1,242,1.0
ACL1998-96,2025-07-16 08:41:19.020000+00:00,not_walking,0,242,1.0
ACL1998-96,2025-07-16 08:41:20.020000+00:00,not_walking,0,242,1.0
ACL1998-96,2025-07-16 08:41:21.020000+00:00,walking,1,242,1.0
ACL1998-96,2025-07-16 08:41:24.020000+00:00,walking,1,242,1.0
ACL1998-96,2025-07-16 08:41:25.020000+00:00,not_walking,0,242,1.0
ACL1998-96,2025-07-16 08:41:26.020000+00:00,walking,1,242,1.0
ACL1998-96,2025-07-16 08:41:28.020000+00:00,walking,1,242,1.0
ACL1998-96,2025-07-16 08:41:29.020000+00:00,not_walking,0,242,1.0
ACL1998-96,2025-07-16 08:41:30.020000+00:00,walking,1,242,1.0
ACL1998-96,2025-07-16 08:41:34.020000+00:00,walking,1,242,1.0
ACL1998-96,2025-07-16 08:41:35.020000+00:00,not_walking,0,242,1.0
ACL1998-96,2025-07-16 08:41:55.020000+00:00,not_walking,0,242,1.0
ACL1998-96,2025-07-16 08:41:56.020000+00:00,walking,1,242,1.0
ACL1998-96,2025-07-16 08:41:57.020000+00:00,not_walking,0,242,1.0
ACL1998-96,2025-07-16 08:42:01.020000+00:00,not_walking,0,242,1.0
ACL1998-96,2025-07-16 08:42:02.020000+00:00,walking,1,242,1.0
ACL1998-96,2025-07-16 08:42:03.020000+00:00,walking,1,242,1.0
ACL1998-96,2025-07-16 08:42:04.020000+00:00,not_walking,0,242,1.0
ACL1998-96,2025-07-16 08:42:05.020000+00:00,walking,1,242,1.0
ACL1998-96,2025-07-16 08:52:25.020000+00:00,walking,1,242,1.0
ACL1998-96,2025-07-16 08:52:26.020000+00:00,not_walking,0,242,1.0
ACL1998-96,2025-07-16 08:52:27.020000+00:00,not_walking,0,242,1.0
ACL1998-96,2025-07-16 08:52:28.020000+00:00,walking,1,242,1.0
ACL1998-96,2025-07-16 08:52:33.020000+00:00,walking,1,242,1.0
ACL1998-96,2025-07-16 08:52:34.020000+00:00,not_walking,0,242,1.0
ACL1998-96,2025-07-16 08:52:35.020000+00:00,not_walking,0,242,1.0
ACL1998-96,2025-07-16 08:52:36.020000+00:00,walking,1,242,1.0
ACL1998-96,2025-07-16 08:52:40.020000+00:00,walking,1,242,1.0
ACL1998-96,2025-07-16 08:52:41.020000+00:00,not_walking,0,242,1.0
ACL1998-96,2025-07-16 08:52:42.020000+00:00,walking,1,242,1.0
ACL1998-96,2025-07-16 08:52:43.020000+00:00,not_walking,0,242,1.0
ACL1998-96,2025-07-16 08:52:44.020000+00:00,not_walking,0,242,1.0
ACL1998-96,2025-07-16 08:52:45.020000+00:00,walking,1,242,1.0
ACL1998-96,2025-07-16 08:52:50.020000+00:00,walking,1,242,1.0
ACL1998-96,2025-07-16 08:52:51.020000+00:00,not_walking,0,242,1.0
ACL1998-96,2025-07-16 08:52:52.020000+00:00,not_walking,0,242,1.0
ACL1998-96,2025-07-16 08:52:53.020000+00:00,walking,1,242,1.0
ACL1998-96,2025-07-16 08:52:54.020000+00:00,walking,1,242,1.0
ACL1998-96,2025-07-16 08:52:55.020000+00:00,not_walking,0,242,1.0
ACL1998-96,2025-07-16 08:52:56.020000+00:00,walking,1,242,1.0
ACL1998-96,2025-07-16 08:52:57.020000+00:00,not_walking,0,242,1.0
ACL1998-96,2025-07-16 08:52:58.020000+00:00,walking,1,242,1.0
ACL1998-96,2025-07-16 08:52:59.020000+00:00,walking,1,242,1.0
ACL1998-96,2025-07-16 08:53:00.020000+00:00,not_walking,0,242,1.0
ACL1998-96,2025-07-16 08:53:02.020000+00:00,not_walking,0,242,1.0
ACL1998-96,2025-07-16 08:53:03.020000+00:00,walking,1,242,1.0
ACL1998-96,2025-07-16 08:53:09.020000+00:00,walking,1,242,1.0
ACL1998-96,2025-07-16 08:53:10.020000+00:00,not_walking,0,242,1.0
ACL1998-96,2025-07-16 08:53:11.020000+00:00,walking,1,242,1.0
ACL1998-96,2025-07-16 08:53:18.020000+00:00,walking,1,242,1.0
ACL1998-96,2025-07-16 08:53:19.020000+00:00,not_walking,0,242,1.0
ACL1998-96,2025-07-16 08:53:20.020000+00:00,walking,1,242,1.0
AEMDHUG060-70,2026-04-28 10:45:02+00:00,not_walking,0,511,0.93
AEMDHUG060-70,2026-04-28 10:45:02.930000+00:00,walking,1,511,0.07
AEMDHUG060-70,2026-04-28 10:45:03+00:00,not_walking,0,511,0.07
AEMDHUG060-70,2026-04-28 10:45:03.930000+00:00,walking,1,511,0.07
AEMDHUG060-70,2026-04-28 10:45:04+00:00,not_walking,0,511,0.07
AEMDHUG060-70,2026-04-28 10:45:04.930000+00:00,walking,1,511,0.07
AEMDHUG060-70,2026-04-28 10:45:05+00:00,not_walking,0,511,0.07
AEMDHUG060-70,2026-04-28 10:45:05.930000+00:00,walking,1,511,0.07
AEMDHUG060-70,2026-04-28 10:45:06+00:00,not_walking,0,511,0.07
AEMDHUG060-70,2026-04-28 10:45:06.930000+00:00,walking,1,511,0.07
AEMDHUG060-70,2026-04-28 10:45:07+00:00,not_walking,0,511,0.07
AEMDHUG060-70,2026-04-28 10:46:43+00:00,not_walking,0,511,0.93
AEMDHUG060-70,2026-04-28 10:46:43.930000+00:00,walking,1,511,0.07
AEMDHUG060-70,2026-04-28 10:46:44+00:00,not_walking,0,511,0.07
AEMDHUG060-70,2026-04-28 10:46:44.930000+00:00,walking,1,511,0.07
AEMDHUG060-70,2026-04-28 10:46:45+00:00,not_walking,0,511,0.07
AEMDHUG060-70,2026-04-28 10:46:45.930000+00:00,walking,1,511,0.07
AEMDHUG060-70,2026-04-28 10:46:46+00:00,not_walking,0,511,0.07
AEMDHUG060-70,2026-04-28 10:46:46.930000+00:00,walking,1,511,0.07
AEMDHUG060-70,2026-04-28 10:46:47+00:00,not_walking,0,511,0.07
AEMDHUG060-70,2026-04-28 10:46:47.930000+00:00,walking,1,511,0.07
AEMDHUG060-70,2026-04-28 10:46:48+00:00,not_walking,0,511,0.07
AEMDHUG060-70,2026-04-28 10:46:48.930000+00:00,walking,1,511,0.07
AEMDHUG060-70,2026-04-28 10:46:49+00:00,not_walking,0,511,0.07
AEMDHUG060-70,2026-04-28 10:46:49.930000+00:00,walking,1,511,0.07
AEMDHUG060-70,2026-04-28 10:46:50+00:00,not_walking,0,511,0.07
AEMDHUG060-70,2026-04-28 10:46:50.930000+00:00,walking,1,511,0.07
AEMDHUG060-70,2026-04-28 10:46:51+00:00,not_walking,0,511,0.07
AEMDHUG060-70,2026-04-28 10:46:54+00:00,not_walking,0,511,0.93
AEMDHUG060-70,2026-04-28 10:46:54.930000+00:00,walking,1,511,0.07
AEMDHUG060-70,2026-04-28 10:46:55+00:00,not_walking,0,511,0.07
AEMDHUG060-70,2026-04-28 10:46:55.930000+00:00,walking,1,511,0.07
AEMDHUG060-70,2026-04-28 10:46:56+00:00,not_walking,0,511,0.07
AEMDHUG060-70,2026-04-28 10:46:56.930000+00:00,walking,1,511,0.07
AEMDHUG060-70,2026-04-28 10:46:57+00:00,not_walking,0,511,0.07
AEMDHUG060-70,2026-04-28 10:46:57.930000+00:00,walking,1,511,0.07
AEMDHUG060-70,2026-04-28 10:46:58+00:00,not_walking,0,511,0.07
AEMDHUG060-70,2026-04-28 10:46:58.930000+00:00,walking,1,511,0.07
AEMDHUG060-70,2026-04-28 10:46:59+00:00,not_walking,0,511,0.07
AEMDHUG060-70,2026-04-28 10:47:05+00:00,not_walking,0,511,0.93
AEMDHUG060-70,2026-04-28 10:47:05.930000+00:00,walking,1,511,0.07
AEMDHUG060-70,2026-04-28 10:47:06+00:00,not_walking,0,511,0.07
AEMDHUG060-70,2026-04-28 10:47:06.930000+00:00,walking,1,511,0.07
AEMDHUG060-70,2026-04-28 10:47:07+00:00,not_walking,0,511,0.07
AEMDHUG060-70,2026-04-28 10:47:07.930000+00:00,walking,1,511,0.07
AEMDHUG060-70,2026-04-28 10:47:08+00:00,not_walking,0,511,0.07
AEMDHUG060-70,2026-04-28 10:47:08.930000+00:00,walking,1,511,0.07
AEMDHUG060-70,2026-04-28 10:47:09+00:00,not_walking,0,511,0.07
AEMDHUG060-70,2026-04-28 10:47:09.930000+00:00,walking,1,511,0.07
AEMDHUG060-70,2026-04-28 10:47:10+00:00,not_walking,0,511,0.07
AEMDHUG060-70,2026-04-28 10:47:10.930000+00:00,walking,1,511,0.07
AEMDHUG060-70,2026-04-28 10:47:11+00:00,not_walking,0,511,0.07
AEMDHUG060-70,2026-04-28 10:47:11.930000+00:00,walking,1,511,0.07
AEMDHUG060-70,2026-04-28 10:47:12+00:00,not_walking,0,511,0.07
AEMDHUG060-70,2026-04-28 10:47:12.930000+00:00,walking,1,511,0.07
AEMDHUG060-70,2026-04-28 10:47:13+00:00,not_walking,0,511,0.07
AEMDHUG060-70,2026-04-28 10:47:13.930000+00:00,walking,1,511,0.07
AEMDHUG060-70,2026-04-28 10:47:14+00:00,not_walking,0,511,0.07
AEMDHUG060-70,2026-04-28 10:48:49+00:00,not_walking,0,511,0.93
AEMDHUG060-70,2026-04-28 10:48:49.930000+00:00,walking,1,511,0.07
AEMDHUG060-70,2026-04-28 10:48:50+00:00,not_walking,0,511,0.07
AEMDHUG060-70,2026-04-28 10:48:50.930000+00:00,walking,1,511,0.07
AEMDHUG060-70,2026-04-28 10:48:51+00:00,not_walking,0,511,0.07
AEMDHUG060-70,2026-04-28 10:48:51.930000+00:00,walking,1,511,0.07
AEMDHUG060-70,2026-04-28 10:48:52+00:00,not_walking,0,511,0.07
AEMDHUG060-70,2026-04-28 10:48:52.930000+00:00,walking,1,511,0.07
AEMDHUG060-70,2026-04-28 10:48:53+00:00,not_walking,0,511,0.07
AEMDHUG060-70,2026-04-28 10:48:53.930000+00:00,walking,1,511,0.07
AEMDHUG060-70,2026-04-28 10:48:54+00:00,not_walking,0,511,0.07
AEMDHUG060-70,2026-04-28 10:48:54.930000+00:00,walking,1,511,0.07
AEMDHUG060-70,2026-04-28 10:48:55+00:00,not_walking,0,511,0.07
AEMDHUG060-70,2026-04-28 10:49:07+00:00,not_walking,0,511,0.93
AEMDHUG060-70,2026-04-28 10:49:07.930000+00:00,walking,1,511,0.07
AEMDHUG060-70,2026-04-28 10:49:08+00:00,not_walking,0,511,0.07
AEMDHUG060-70,2026-04-28 10:49:08.930000+00:00,walking,1,511,0.07
AEMDHUG060-70,2026-04-28 10:49:09+00:00,not_walking,0,511,0.07
AEMDHUG060-70,2026-04-28 10:49:09.930000+00:00,walking,1,511,0.07
AEMDHUG060-70,2026-04-28 10:49:10+00:00,not_walking,0,511,0.07
AEMDHUG060-70,2026-04-28 10:49:10.930000+00:00,walking,1,511,0.07
AEMDHUG060-70,2026-04-28 10:49:11+00:00,not_walking,0,511,0.07
AEMDHUG060-70,2026-04-28 10:49:11.930000+00:00,walking,1,511,0.07
AEMDHUG060-70,2026-04-28 10:49:12+00:00,not_walking,0,511,0.07
AEMDHUG060-70,2026-04-28 10:49:12.930000+00:00,walking,1,511,0.07
AEMDHUG060-70,2026-04-28 10:49:13+00:00,not_walking,0,511,0.07
AEMDHUG060-70,2026-04-28 10:49:13.930000+00:00,walking,1,511,0.07
AEMDHUG060-70,2026-04-28 10:49:14+00:00,not_walking,0,511,0.07
AEMDHUG060-70,2026-04-28 10:49:14.930000+00:00,walking,1,511,0.07
AEMDHUG060-70,2026-04-28 10:49:15+00:00,not_walking,0,511,0.07
AEMDHUG060-70,2026-04-28 10:49:15.930000+00:00,walking,1,511,0.07
AEMDHUG060-70,2026-04-28 10:49:16+00:00,not_walking,0,511,0.07
AEMDHUG060-70,2026-04-28 10:49:16.930000+00:00,walking,1,511,0.07
AEMDHUG060-70,2026-04-28 10:49:17+00:00,not_walking,0,511,0.07
AEMDHUG060-70,2026-04-28 10:49:17.930000+00:00,walking,1,511,0.07
AEMDHUG060-70,2026-04-28 10:49:18+00:00,not_walking,0,511,0.07
AEMDHUG060-70,2026-04-28 10:49:18.930000+00:00,walking,1,511,0.07
AEMDHUG060-70,2026-04-28 10:49:19+00:00,not_walking,0,511,0.07
AEMDHUG060-70,2026-04-28 10:49:23+00:00,not_walking,0,511,0.93
AEMDHUG060-70,2026-04-28 10:49:23.930000+00:00,walking,1,511,0.07
AEMDHUG060-70,2026-04-28 10:49:24+00:00,not_walking,0,511,0.07
AEMDHUG060-70,2026-04-28 10:49:24.930000+00:00,walking,1,511,0.07
AEMDHUG060-70,2026-04-28 10:49:25+00:00,not_walking,0,511,0.07
AEMDHUG060-70,2026-04-28 10:49:25.930000+00:00,walking,1,511,0.07
AEMDHUG060-70,2026-04-28 10:49:26+00:00,not_walking,0,511,0.07
AEMDHUG060-70,2026-04-28 10:49:26.930000+00:00,walking,1,511,0.07
AEMDHUG060-70,2026-04-28 10:49:27+00:00,not_walking,0,511,0.07
AEMDHUG060-70,2026-04-28 10:49:27.930000+00:00,walking,1,511,0.07
AEMDHUG060-70,2026-04-28 10:49:28+00:00,not_walking,0,511,0.07
AEMDHUG060-70,2026-04-28 10:49:28.930000+00:00,walking,1,511,0.07
AEMDHUG060-70,2026-04-28 10:49:29+00:00,not_walking,0,511,0.07
AEMDHUG060-70,2026-04-28 10:49:29.930000+00:00,walking,1,511,0.07
AEMDHUG060-70,2026-04-28 10:49:30+00:00,not_walking,0,511,0.07
AEMDHUG060-70,2026-04-28 10:49:30.930000+00:00,walking,1,511,0.07
AEMDHUG060-70,2026-04-28 10:49:31+00:00,not_walking,0,511,0.07
AEMDHUG060-70,2026-04-28 10:49:31.930000+00:00,walking,1,511,0.07
AEMDHUG060-70,2026-04-28 10:49:32+00:00,not_walking,0,511,0.07
AEMDHUG060-70,2026-04-28 10:49:32.930000+00:00,walking,1,511,0.07
AEMDHUG060-70,2026-04-28 10:49:33+00:00,not_walking,0,511,0.07
AEMDHUG060-70,2026-04-28 10:49:33.930000+00:00,walking,1,511,0.07
AEMDHUG060-70,2026-04-28 10:49:34+00:00,not_walking,0,511,0.07
AEMDHUG060-70,2026-04-28 10:49:34.930000+00:00,walking,1,511,0.07
AEMDHUG060-70,2026-04-28 10:49:35+00:00,not_walking,0,511,0.07
AEMDHUG060-70,2026-04-28 10:49:35.930000+00:00,walking,1,511,0.07
AEMDHUG060-70,2026-04-28 10:49:36+00:00,not_walking,0,511,0.07
AEMDHUG060-70,2026-04-28 10:49:36.930000+00:00,walking,1,511,0.07
AEMDHUG060-70,2026-04-28 10:49:37+00:00,not_walking,0,511,0.07
AEMDHUG060-70,2026-04-28 10:49:37.930000+00:00,walking,1,511,0.07
AEMDHUG060-70,2026-04-28 10:49:38+00:00,not_walking,0,511,0.07
AEMDHUG060-70,2026-04-28 10:49:38.930000+00:00,walking,1,511,0.07
AEMDHUG060-70,2026-04-28 10:49:39+00:00,not_walking,0,511,0.07
AEMDHUG060-70,2026-04-28 10:49:39.930000+00:00,walking,1,511,0.07
AEMDHUG060-70,2026-04-28 10:49:40+00:00,not_walking,0,511,0.07
AEMDHUG060-70,2026-04-28 10:49:40.930000+00:00,walking,1,511,0.07
AEMDHUG060-70,2026-04-28 10:49:41+00:00,not_walking,0,511,0.07
AEMDHUG060-70,2026-04-28 10:49:41.930000+00:00,walking,1,511,0.07
AEMDHUG060-70,2026-04-28 10:49:42+00:00,not_walking,0,511,0.07
AEMDHUG060-70,2026-04-28 10:49:42.930000+00:00,walking,1,511,0.07
AEMDHUG060-70,2026-04-28 10:49:43+00:00,not_walking,0,511,0.07
AEMDHUG060-70,2026-04-28 10:49:43.930000+00:00,walking,1,511,0.07
AEMDHUG060-70,2026-04-28 10:49:44+00:00,not_walking,0,511,0.07
AEMDHUG060-70,2026-04-28 10:49:44.930000+00:00,walking,1,511,0.07
AEMDHUG060-70,2026-04-28 10:49:45+00:00,not_walking,0,511,0.07
AEMDHUG060-70,2026-04-28 10:49:45.930000+00:00,walking,1,511,0.07
AEMDHUG060-70,2026-04-28 10:49:46+00:00,not_walking,0,511,0.07
AEMDHUG060-70,2026-04-28 10:49:46.930000+00:00,walking,1,511,0.07
AEMDHUG060-70,2026-04-28 10:49:47+00:00,not_walking,0,511,0.07
AEMDHUG060-70,2026-04-28 10:49:47.930000+00:00,walking,1,511,0.07
AEMDHUG060-70,2026-04-28 10:49:48+00:00,not_walking,0,511,0.07
AEMDHUG060-70,2026-04-28 10:49:48.930000+00:00,walking,1,511,0.07
AEMDHUG060-70,2026-04-28 10:49:49+00:00,not_walking,0,511,0.07
AEMDHUG060-70,2026-04-28 10:49:49.930000+00:00,walking,1,511,0.07
AEMDHUG060-70,2026-04-28 10:49:50+00:00,not_walking,0,511,0.07
AEMDHUG060-70,2026-04-28 10:49:50.930000+00:00,walking,1,511,0.07
AEMDHUG060-70,2026-04-28 10:49:51+00:00,not_walking,0,511,0.07
AEMDHUG060-70,2026-04-28 10:49:51.930000+00:00,walking,1,511,0.07
AEMDHUG060-70,2026-04-28 10:49:52+00:00,not_walking,0,511,0.07
AEMDHUG060-70,2026-04-28 10:49:52.930000+00:00,walking,1,511,0.07
AEMDHUG060-70,2026-04-28 10:49:53+00:00,not_walking,0,511,0.07
AEMDHUG060-70,2026-04-28 10:49:53.930000+00:00,walking,1,511,0.07
AEMDHUG060-70,2026-04-28 10:49:54+00:00,not_walking,0,511,0.07
AEMDHUG060-70,2026-04-28 10:49:54.930000+00:00,walking,1,511,0.07
AEMDHUG060-70,2026-04-28 10:49:55+00:00,not_walking,0,511,0.07
AEMDHUG060-70,2026-04-28 10:49:55.930000+00:00,walking,1,511,0.07
AEMDHUG060-70,2026-04-28 10:49:56+00:00,not_walking,0,511,0.07
AEMDHUG060-70,2026-04-28 10:49:56.930000+00:00,walking,1,511,0.07
AEMDHUG060-70,2026-04-28 10:49:57+00:00,not_walking,0,511,0.07
AEMDHUG060-70,2026-04-28 10:49:57.930000+00:00,walking,1,511,0.07
AEMDHUG060-70,2026-04-28 10:49:58+00:00,not_walking,0,511,0.07
AEMDHUG060-70,2026-04-28 10:49:58.930000+00:00,walking,1,511,0.07
AEMDHUG060-70,2026-04-28 10:49:59+00:00,not_walking,0,511,0.07
AEMDHUG060-70,2026-04-28 10:50:01+00:00,not_walking,0,511,0.02
AEMDHUG060-70,2026-04-28 10:50:01.020000+00:00,walking,1,511,0.02
AEMDHUG060-70,2026-04-28 10:50:02+00:00,not_walking,0,511,0.02
AEMDHUG060-70,2026-04-28 10:50:02.020000+00:00,walking,1,511,0.02
AEMDHUG060-70,2026-04-28 10:50:03+00:00,not_walking,0,511,0.02
AEMDHUG060-70,2026-04-28 10:50:03.020000+00:00,walking,1,511,0.02
AEMDHUG060-70,2026-04-28 10:50:04+00:00,not_walking,0,511,0.02
AEMDHUG060-70,2026-04-28 10:50:04.020000+00:00,walking,1,511,0.02
AEMDHUG060-70,2026-04-28 10:50:05+00:00,not_walking,0,511,0.02
AEMDHUG060-70,2026-04-28 10:50:05.020000+00:00,walking,1,511,0.02
AEMDHUG060-70,2026-04-28 10:50:06+00:00,not_walking,0,511,0.98
AEMDHUG060-70,2026-04-28 10:50:08+00:00,not_walking,0,511,1.0
AEMDHUG060-70,2026-04-28 10:50:09+00:00,walking,1,511,1.0
AEMDHUG060-70,2026-04-28 10:50:10+00:00,walking,1,511,1.0
AEMDHUG060-70,2026-04-28 10:50:11+00:00,not_walking,0,511,1.0
AEMDHUG060-70,2026-04-28 10:50:17+00:00,not_walking,0,511,1.0
AEMDHUG060-70,2026-04-28 10:50:18+00:00,walking,1,511,1.0
AEMDHUG060-70,2026-04-28 10:50:19+00:00,not_walking,0,511,1.0
AEMDHUG060-70,2026-04-28 10:50:22+00:00,not_walking,0,511,1.0
AEMDHUG060-70,2026-04-28 10:50:23+00:00,walking,1,511,1.0
AEMDHUG060-70,2026-04-28 10:50:25+00:00,walking,1,511,1.0
AEMDHUG060-70,2026-04-28 10:50:26+00:00,not_walking,0,511,1.0
AEMDHUG060-70,2026-04-28 10:50:27+00:00,not_walking,0,511,1.0
AEMDHUG060-70,2026-04-28 10:50:28+00:00,walking,1,511,1.0
AEMDHUG060-70,2026-04-28 10:50:29+00:00,not_walking,0,511,1.0
AEMDHUG060-70,2026-04-28 10:50:30+00:00,not_walking,0,511,1.0
AEMDHUG060-70,2026-04-28 10:50:31+00:00,walking,1,511,1.0
AEMDHUG060-70,2026-04-28 10:50:32+00:00,not_walking,0,511,1.0
AEMDHUG060-70,2026-04-28 10:50:33+00:00,not_walking,0,511,1.0
AEMDHUG060-70,2026-04-28 10:50:34+00:00,walking,1,511,1.0
AEMDHUG060-70,2026-04-28 10:50:36+00:00,walking,1,511,1.0
AEMDHUG060-70,2026-04-28 10:50:37+00:00,not_walking,0,511,1.0
AEMDHUG060-70,2026-04-28 10:50:38+00:00,walking,1,511,1.0
AEMDHUG060-70,2026-04-28 10:50:39+00:00,not_walking,0,511,1.0
AEMDHUG060-70,2026-04-28 10:50:40+00:00,walking,1,511,1.0
AEMDHUG060-70,2026-04-28 10:50:41+00:00,walking,1,511,1.0
AEMDHUG060-70,2026-04-28 10:50:42+00:00,not_walking,0,511,1.0
AEMDHUG060-70,2026-04-28 10:50:43+00:00,walking,1,511,1.0
AEMDHUG060-70,2026-04-28 10:50:44+00:00,walking,1,511,1.0
AEMDHUG060-70,2026-04-28 10:50:45+00:00,not_walking,0,511,1.0
AEMDHUG060-70,2026-04-28 10:50:46+00:00,not_walking,0,511,1.0
AEMDHUG060-70,2026-04-28 10:50:47+00:00,walking,1,511,1.0
AEMDHUG060-70,2026-04-28 10:50:48+00:00,walking,1,511,1.0
AEMDHUG060-70,2026-04-28 10:50:49+00:00,not_walking,0,511,1.0
AEMDHUG060-70,2026-04-28 10:50:50+00:00,walking,1,511,1.0
AEMDHUG060-70,2026-04-28 10:50:53+00:00,walking,1,511,1.0
AEMDHUG060-70,2026-04-28 10:50:54+00:00,not_walking,0,511,1.0
AEMDHUG060-70,2026-04-28 10:50:55+00:00,not_walking,0,511,1.0
AEMDHUG060-70,2026-04-28 10:50:56+00:00,walking,1,511,1.0
AEMDHUG060-70,2026-04-28 10:50:58+00:00,walking,1,511,1.0
AEMDHUG060-70,2026-04-28 10:50:59+00:00,not_walking,0,511,1.0
AEMDHUG060-70,2026-04-28 10:51:00+00:00,walking,1,511,1.0
AEMDHUG060-70,2026-04-28 10:51:01+00:00,not_walking,0,511,1.0
AEMDHUG060-70,2026-04-28 10:51:05+00:00,not_walking,0,511,1.0
AEMDHUG060-70,2026-04-28 10:51:06+00:00,walking,1,511,1.0
AEMDHUG060-70,2026-04-28 10:51:08+00:00,walking,1,511,1.0
AEMDHUG060-70,2026-04-28 10:51:09+00:00,not_walking,0,511,1.0
AEMDHUG060-70,2026-04-28 10:51:10+00:00,not_walking,0,511,1.0
AEMDHUG060-70,2026-04-28 10:51:11+00:00,walking,1,511,1.0
AEMDHUG060-70,2026-04-28 10:51:13+00:00,walking,1,511,1.0
AEMDHUG060-70,2026-04-28 10:51:14+00:00,not_walking,0,511,1.0
AEMDHUG060-70,2026-04-28 10:51:15+00:00,not_walking,0,511,1.0
AEMDHUG060-70,2026-04-28 10:51:16+00:00,walking,1,511,1.0
AEMDHUG060-70,2026-04-28 10:51:21+00:00,walking,1,511,1.0
AEMDHUG060-70,2026-04-28 10:51:22+00:00,not_walking,0,511,1.0
AEMDHUG060-70,2026-04-28 10:51:23+00:00,walking,1,511,1.0
AEMDHUG060-70,2026-04-28 10:51:24+00:00,not_walking,0,511,1.0
AEMDHUG060-70,2026-04-28 10:51:25+00:00,walking,1,511,1.0
AEMDHUG060-70,2026-04-28 10:51:26+00:00,not_walking,0,511,1.0
AEMDHUG060-70,2026-04-28 10:51:27+00:00,walking,1,511,1.0
AEMDHUG060-70,2026-04-28 10:51:28+00:00,walking,1,511,1.0
AEMDHUG060-70,2026-04-28 10:51:29+00:00,not_walking,0,511,1.0
AEMDHUG060-70,2026-04-28 10:51:30+00:00,not_walking,0,511,1.0
AEMDHUG060-70,2026-04-28 10:51:31+00:00,walking,1,511,1.0
AEMDHUG060-70,2026-04-28 10:51:33.020000+00:00,walking,1,511,0.98
AEMDHUG060-70,2026-04-28 10:51:34+00:00,not_walking,0,511,0.02
AEMDHUG060-70,2026-04-28 10:51:34.020000+00:00,walking,1,511,0.02
AEMDHUG060-70,2026-04-28 10:51:35+00:00,not_walking,0,511,0.02
AEMDHUG060-70,2026-04-28 10:51:35.020000+00:00,walking,1,511,0.02
AEMDHUG060-70,2026-04-28 10:51:36+00:00,not_walking,0,511,0.02
AEMDHUG060-70,2026-04-28 10:51:36.020000+00:00,walking,1,511,0.02
AEMDHUG060-70,2026-04-28 10:51:37+00:00,not_walking,0,511,0.02
AEMDHUG060-70,2026-04-28 10:51:37.020000+00:00,walking,1,511,0.02
AEMDHUG060-70,2026-04-28 10:51:38+00:00,not_walking,0,511,0.02
AEMDHUG060-70,2026-04-28 10:51:38.020000+00:00,walking,1,511,0.02
AEMDHUG060-70,2026-04-28 10:51:42+00:00,walking,1,511,1.0
AEMDHUG060-70,2026-04-28 10:51:43+00:00,not_walking,0,511,1.0
AEMDHUG060-70,2026-04-28 10:51:44+00:00,walking,1,511,1.0
AEMDHUG060-70,2026-04-28 10:51:45+00:00,walking,1,511,1.0
AEMDHUG060-70,2026-04-28 10:51:46+00:00,not_walking,0,511,1.0
AEMDHUG060-70,2026-04-28 10:51:48+00:00,not_walking,0,511,1.0
AEMDHUG060-70,2026-04-28 10:51:49+00:00,walking,1,511,1.0
AEMDHUG060-70,2026-04-28 10:51:50+00:00,walking,1,511,1.0
AEMDHUG060-70,2026-04-28 10:51:51+00:00,not_walking,0,511,1.0
AEMDHUG060-70,2026-04-28 10:51:54+00:00,not_walking,0,511,1.0
AEMDHUG060-70,2026-04-28 10:51:55+00:00,walking,1,511,1.0
AEMDHUG060-70,2026-04-28 10:51:58+00:00,walking,1,511,1.0
AEMDHUG060-70,2026-04-28 10:51:59+00:00,not_walking,0,511,1.0
AEMDHUG060-70,2026-04-28 10:52:00+00:00,walking,1,511,1.0
AEMDHUG060-70,2026-04-28 10:52:01+00:00,walking,1,511,1.0
AEMDHUG060-70,2026-04-28 10:52:02+00:00,not_walking,0,511,1.0
AEMDHUG060-70,2026-04-28 10:52:05+00:00,not_walking,0,511,1.0
AEMDHUG060-70,2026-04-28 10:52:06+00:00,walking,1,511,1.0
AEMDHUG060-70,2026-04-28 10:52:07+00:00,not_walking,0,511,1.0
AEMDHUG060-70,2026-04-28 10:52:08+00:00,not_walking,0,511,1.0
AEMDHUG060-70,2026-04-28 10:52:09+00:00,walking,1,511,1.0
AEMDHUG060-70,2026-04-28 10:52:10+00:00,not_walking,0,511,1.0
AEMDHUG060-70,2026-04-28 10:52:11+00:00,walking,1,511,1.0
AEMDHUG060-70,2026-04-28 10:52:13+00:00,walking,1,511,1.0
AEMDHUG060-70,2026-04-28 10:52:14+00:00,not_walking,0,511,1.0
AEMDHUG060-70,2026-04-28 10:52:16+00:00,not_walking,0,511,1.0
AEMDHUG060-70,2026-04-28 10:52:17+00:00,walking,1,511,1.0
AEMDHUG060-70,2026-04-28 10:52:19+00:00,walking,1,511,1.0
AEMDHUG060-70,2026-04-28 10:52:20+00:00,not_walking,0,511,1.0
AEMDHUG060-70,2026-04-28 10:52:21+00:00,walking,1,511,1.0
AEMDHUG060-70,2026-04-28 10:52:23+00:00,walking,1,511,1.0
AEMDHUG060-70,2026-04-28 10:52:24+00:00,not_walking,0,511,1.0
AEMDHUG060-70,2026-04-28 10:52:25+00:00,walking,1,511,1.0
AEMDHUG060-70,2026-04-28 10:52:26+00:00,not_walking,0,511,1.0
AEMDHUG060-70,2026-04-28 10:52:27+00:00,walking,1,511,1.0
AEMDHUG060-70,2026-04-28 10:52:28+00:00,walking,1,511,1.0
AEMDHUG060-70,2026-04-28 10:52:29+00:00,not_walking,0,511,1.0
AEMDHUG060-70,2026-04-28 10:52:31+00:00,not_walking,0,511,1.0
AEMDHUG060-70,2026-04-28 10:52:32+00:00,walking,1,511,1.0
AEMDHUG060-70,2026-04-28 10:52:33+00:00,walking,1,511,1.0
AEMDHUG060-70,2026-04-28 10:52:34+00:00,not_walking,0,511,1.0
AEMDHUG060-70,2026-04-28 10:52:36+00:00,not_walking,0,511,1.0
AEMDHUG060-70,2026-04-28 10:52:37+00:00,walking,1,511,1.0
AEMDHUG060-70,2026-04-28 10:52:39+00:00,walking,1,511,1.0
AEMDHUG060-70,2026-04-28 10:52:40+00:00,not_walking,0,511,1.0
AEMDHUG060-70,2026-04-28 10:52:44+00:00,not_walking,0,511,1.0
AEMDHUG060-70,2026-04-28 10:52:45+00:00,walking,1,511,1.0
AEMDHUG060-70,2026-04-28 10:52:47+00:00,walking,1,511,1.0
AEMDHUG060-70,2026-04-28 10:52:48+00:00,not_walking,0,511,1.0
AEMDHUG060-70,2026-04-28 10:52:49+00:00,not_walking,0,511,1.0
AEMDHUG060-70,2026-04-28 10:52:50+00:00,walking,1,511,1.0
AEMDHUG060-70,2026-04-28 10:52:53+00:00,walking,1,511,1.0
AEMDHUG060-70,2026-04-28 10:52:54+00:00,not_walking,0,511,1.0
AEMDHUG060-70,2026-04-28 10:52:55+00:00,walking,1,511,1.0
AEMDHUG060-70,2026-04-28 10:52:58+00:00,walking,1,511,1.0
AEMDHUG060-70,2026-04-28 10:52:59+00:00,not_walking,0,511,1.0
AEMDHUG060-70,2026-04-28 10:53:00+00:00,walking,1,511,1.0
AEMDHUG060-70,2026-04-28 10:53:01+00:00,walking,1,511,1.0
AEMDHUG060-70,2026-04-28 10:53:02+00:00,not_walking,0,511,1.0
AEMDHUG060-70,2026-04-28 10:53:03+00:00,walking,1,511,1.0
AEMDHUG060-70,2026-04-28 10:53:05+00:00,walking,1,511,1.0
AEMDHUG060-70,2026-04-28 10:53:06+00:00,not_walking,0,511,1.0
AEMDHUG060-70,2026-04-28 10:53:07+00:00,not_walking,0,511,1.0
AEMDHUG060-70,2026-04-28 10:53:08+00:00,walking,1,511,1.0
AEMDHUG060-70,2026-04-28 10:53:09+00:00,not_walking,0,511,1.0
AEMDHUG060-70,2026-04-28 10:53:10+00:00,walking,1,511,1.0
AEMDHUG060-70,2026-04-28 10:53:14+00:00,walking,1,511,1.0
AEMDHUG060-70,2026-04-28 10:53:15+00:00,not_walking,0,511,1.0
AEMDHUG060-70,2026-04-28 10:53:16+00:00,not_walking,0,511,1.0
AEMDHUG060-70,2026-04-28 10:53:17+00:00,walking,1,511,1.0
AEMDHUG060-70,2026-04-28 10:53:22+00:00,walking,1,511,1.0
AEMDHUG060-70,2026-04-28 10:53:23+00:00,not_walking,0,511,1.0
AEMDHUG060-70,2026-04-28 10:53:24+00:00,not_walking,0,511,1.0
AEMDHUG060-70,2026-04-28 10:53:25+00:00,walking,1,511,1.0
AEMDHUG060-70,2026-04-28 10:53:29+00:00,walking,1,511,1.0
AEMDHUG060-70,2026-04-28 10:53:30+00:00,not_walking,0,511,1.0
AEMDHUG060-70,2026-04-28 10:53:33+00:00,not_walking,0,511,1.0
AEMDHUG060-70,2026-04-28 10:53:34+00:00,walking,1,511,1.0
AEMDHUG060-70,2026-04-28 10:53:41+00:00,walking,1,511,1.0
AEMDHUG060-70,2026-04-28 10:53:42+00:00,not_walking,0,511,1.0
AEMDHUG060-70,2026-04-28 10:53:43+00:00,walking,1,511,1.0
AEMDHUG060-70,2026-04-28 10:53:43.020000+00:00,walking,1,511,0.98
AEMDHUG060-70,2026-04-28 10:53:44+00:00,not_walking,0,511,0.02
AEMDHUG060-70,2026-04-28 10:53:44.020000+00:00,walking,1,511,0.02
AEMDHUG060-70,2026-04-28 10:53:45+00:00,not_walking,0,511,0.02
AEMDHUG060-70,2026-04-28 10:53:45.020000+00:00,walking,1,511,0.02
AEMDHUG060-70,2026-04-28 10:53:46+00:00,not_walking,0,511,0.02
AEMDHUG060-70,2026-04-28 10:53:46.020000+00:00,walking,1,511,0.02
AEMDHUG060-70,2026-04-28 10:53:47+00:00,not_walking,0,511,0.02
AEMDHUG060-70,2026-04-28 10:53:47.020000+00:00,walking,1,511,0.02
AEMDHUG060-70,2026-04-28 10:53:48+00:00,not_walking,0,511,0.98
AEMDHUG060-70,2026-04-28 10:54:01+00:00,not_walking,0,511,0.02
AEMDHUG060-70,2026-04-28 10:54:01.020000+00:00,walking,1,511,0.02
AEMDHUG060-70,2026-04-28 10:54:02+00:00,not_walking,0,511,0.02
AEMDHUG060-70,2026-04-28 10:54:02.020000+00:00,walking,1,511,0.02
AEMDHUG060-70,2026-04-28 10:54:03+00:00,not_walking,0,511,0.02
AEMDHUG060-70,2026-04-28 10:54:03.020000+00:00,walking,1,511,0.02
AEMDHUG060-70,2026-04-28 10:54:04+00:00,not_walking,0,511,0.02
AEMDHUG060-70,2026-04-28 10:54:04.020000+00:00,walking,1,511,0.02
AEMDHUG060-70,2026-04-28 10:54:05+00:00,not_walking,0,511,0.02
AEMDHUG060-70,2026-04-28 10:54:05.020000+00:00,walking,1,511,0.02
AEMDHUG060-70,2026-04-28 10:54:06+00:00,not_walking,0,511,0.02
AEMDHUG060-70,2026-04-28 10:54:06.020000+00:00,walking,1,511,0.02
AEMDHUG060-70,2026-04-28 10:54:07+00:00,not_walking,0,511,0.98
AEMDHUG060-70,2026-04-28 10:54:34+00:00,not_walking,0,511,0.02
AEMDHUG060-70,2026-04-28 10:54:34.020000+00:00,walking,1,511,0.02
AEMDHUG060-70,2026-04-28 10:54:35+00:00,not_walking,0,511,0.02
AEMDHUG060-70,2026-04-28 10:54:35.020000+00:00,walking,1,511,0.02
AEMDHUG060-70,2026-04-28 10:54:36+00:00,not_walking,0,511,0.02
AEMDHUG060-70,2026-04-28 10:54:36.020000+00:00,walking,1,511,0.02
AEMDHUG060-70,2026-04-28 10:54:37+00:00,not_walking,0,511,0.02
AEMDHUG060-70,2026-04-28 10:54:37.020000+00:00,walking,1,511,0.02
AEMDHUG060-70,2026-04-28 10:54:38+00:00,not_walking,0,511,0.02
AEMDHUG060-70,2026-04-28 10:54:38.020000+00:00,walking,1,511,0.02
AEMDHUG060-70,2026-04-28 10:54:41+00:00,walking,1,511,1.0
AEMDHUG060-70,2026-04-28 10:54:42+00:00,not_walking,0,511,1.0
AEMDHUG060-70,2026-04-28 10:54:43+00:00,walking,1,511,1.0
AEMDHUG060-70,2026-04-28 10:54:46+00:00,walking,1,511,1.0
AEMDHUG060-70,2026-04-28 10:54:47+00:00,not_walking,0,511,1.0
AEMDHUG060-70,2026-04-28 10:54:48+00:00,walking,1,511,1.0
AEMDHUG060-70,2026-04-28 10:54:49+00:00,walking,1,511,1.0
AEMDHUG060-70,2026-04-28 10:54:50+00:00,not_walking,0,511,1.0
AEMDHUG060-70,2026-04-28 10:54:52+00:00,not_walking,0,511,1.0
AEMDHUG060-70,2026-04-28 10:54:53+00:00,walking,1,511,1.0
AEMDHUG060-70,2026-04-28 10:54:54+00:00,walking,1,511,1.0
AEMDHUG060-70,2026-04-28 10:54:55+00:00,not_walking,0,511,1.0
AEMDHUG060-70,2026-04-28 10:54:56+00:00,walking,1,511,1.0
AEMDHUG060-70,2026-04-28 10:54:57+00:00,walking,1,511,1.0
AEMDHUG060-70,2026-04-28 10:54:58+00:00,not_walking,0,511,1.0
AEMDHUG060-70,2026-04-28 10:54:59+00:00,not_walking,0,511,1.0
AEMDHUG060-70,2026-04-28 10:55:00+00:00,walking,1,511,1.0
AEMDHUG060-70,2026-04-28 10:55:03+00:00,walking,1,511,1.0
AEMDHUG060-70,2026-04-28 10:55:04+00:00,not_walking,0,511,1.0
AEMDHUG060-70,2026-04-28 10:55:05+00:00,not_walking,0,511,1.0
AEMDHUG060-70,2026-04-28 10:55:06+00:00,walking,1,511,1.0
AEMDHUG060-70,2026-04-28 10:55:09+00:00,walking,1,511,1.0
AEMDHUG060-70,2026-04-28 10:55:10+00:00,not_walking,0,511,1.0
AEMDHUG060-70,2026-04-28 10:55:12+00:00,not_walking,0,511,1.0
AEMDHUG060-70,2026-04-28 10:55:13+00:00,walking,1,511,1.0
AEMDHUG060-70,2026-04-28 10:55:14+00:00,not_walking,0,511,1.0
AEMDHUG060-70,2026-04-28 10:55:15+00:00,walking,1,511,1.0
AEMDHUG060-70,2026-04-28 10:55:16+00:00,walking,1,511,1.0
AEMDHUG060-70,2026-04-28 10:55:17+00:00,not_walking,0,511,1.0
AEMDHUG060-70,2026-04-28 10:55:18+00:00,walking,1,511,1.0
AEMDHUG060-70,2026-04-28 10:55:19+00:00,walking,1,511,1.0
AEMDHUG060-70,2026-04-28 10:55:20+00:00,not_walking,0,511,1.0
AEMDHUG060-70,2026-04-28 10:55:21+00:00,walking,1,511,1.0
AEMDHUG060-70,2026-04-28 10:55:24+00:00,walking,1,511,1.0
AEMDHUG060-70,2026-04-28 10:55:25+00:00,not_walking,0,511,1.0
AEMDHUG060-70,2026-04-28 10:55:31+00:00,not_walking,0,511,1.0
AEMDHUG060-70,2026-04-28 10:55:32+00:00,walking,1,511,1.0
AEMDHUG060-70,2026-04-28 10:55:40+00:00,walking,1,511,1.0
AEMDHUG060-70,2026-04-28 10:55:41+00:00,not_walking,0,511,1.0
AEMDHUG060-70,2026-04-29 15:22:13.010000+00:00,walking,1,516,1.0
AEMDHUG060-70,2026-04-29 15:22:14.010000+00:00,not_walking,0,516,1.0
AEMDHUG060-70,2026-04-29 15:22:15.010000+00:00,walking,1,516,1.0
AEMDHUG060-70,2026-04-29 15:22:18.010000+00:00,walking,1,516,1.0
AEMDHUG060-70,2026-04-29 15:22:19.010000+00:00,not_walking,0,516,1.0
AEMDHUG060-70,2026-04-29 15:22:20.010000+00:00,walking,1,516,1.0
AEMDHUG060-70,2026-04-29 15:22:23.010000+00:00,walking,1,516,1.0
AEMDHUG060-70,2026-04-29 15:22:24.010000+00:00,not_walking,0,516,1.0
AEMDHUG060-70,2026-04-29 15:22:25.010000+00:00,walking,1,516,1.0
AEMDHUG060-70,2026-04-29 15:22:33.010000+00:00,walking,1,516,1.0
AEMDHUG060-70,2026-04-29 15:22:34.010000+00:00,not_walking,0,516,1.0
AEMDHUG060-70,2026-04-29 15:22:35.010000+00:00,not_walking,0,516,1.0
AEMDHUG060-70,2026-04-29 15:22:36.010000+00:00,walking,1,516,1.0
AEMDHUG060-70,2026-04-29 15:22:43.010000+00:00,walking,1,516,1.0
AEMDHUG060-70,2026-04-29 15:22:44.010000+00:00,not_walking,0,516,1.0
AEMDHUG060-70,2026-04-29 15:22:45.010000+00:00,walking,1,516,1.0
AEMDHUG060-70,2026-04-29 15:22:46.010000+00:00,walking,1,516,1.0
AEMDHUG060-70,2026-04-29 15:22:47.010000+00:00,not_walking,0,516,1.0
AEMDHUG060-70,2026-04-29 15:22:48.010000+00:00,not_walking,0,516,1.0
AEMDHUG060-70,2026-04-29 15:22:49.010000+00:00,walking,1,516,1.0
AEMDHUG060-70,2026-04-29 15:22:50.010000+00:00,walking,1,516,1.0
AEMDHUG060-70,2026-04-29 15:22:51.010000+00:00,not_walking,0,516,1.0
AEMDHUG060-70,2026-04-29 15:22:52.010000+00:00,not_walking,0,516,1.0
AEMDHUG060-70,2026-04-29 15:22:53.010000+00:00,walking,1,516,1.0
AEMDHUG060-70,2026-04-29 15:23:01.010000+00:00,walking,1,516,1.0
AEMDHUG060-70,2026-04-29 15:23:02.010000+00:00,not_walking,0,516,1.0
AEMDHUG060-70,2026-04-29 15:23:03.010000+00:00,walking,1,516,1.0
AEMDHUG060-70,2026-04-29 15:23:21.010000+00:00,walking,1,516,1.0
AEMDHUG060-70,2026-04-29 15:23:22.010000+00:00,not_walking,0,516,1.0
AEMDHUG060-70,2026-04-29 15:23:23.010000+00:00,walking,1,516,1.0
AEMDHUG060-70,2026-04-29 15:23:32.010000+00:00,walking,1,516,1.0
AEMDHUG060-70,2026-04-29 15:23:33.010000+00:00,not_walking,0,516,1.0
AEMDHUG060-70,2026-04-29 15:23:34.010000+00:00,walking,1,516,1.0
AEMDHUG060-70,2026-04-29 15:23:42.010000+00:00,walking,1,516,1.0
AEMDHUG060-70,2026-04-29 15:23:43.010000+00:00,not_walking,0,516,1.0
AEMDHUG060-70,2026-04-29 15:23:44.010000+00:00,walking,1,516,1.0
AEMDHUG060-70,2026-04-29 15:23:48.010000+00:00,walking,1,516,1.0
AEMDHUG060-70,2026-04-29 15:23:49.010000+00:00,not_walking,0,516,1.0
AEMDHUG060-70,2026-04-29 15:23:50.010000+00:00,walking,1,516,1.0
AEMDHUG060-70,2026-04-29 15:24:00.010000+00:00,walking,1,516,1.0
AEMDHUG060-70,2026-04-29 15:24:01.010000+00:00,not_walking,0,516,1.0
AEMDHUG060-70,2026-04-29 15:24:02.010000+00:00,walking,1,516,1.0
AEMDHUG060-70,2026-04-29 15:24:05.010000+00:00,walking,1,516,1.0
AEMDHUG060-70,2026-04-29 15:24:06.010000+00:00,not_walking,0,516,1.0
AEMDHUG060-70,2026-04-29 15:24:07.010000+00:00,walking,1,516,1.0
AEMDHUG060-70,2026-04-29 15:24:08.010000+00:00,walking,1,516,1.0
AEMDHUG060-70,2026-04-29 15:24:09.010000+00:00,not_walking,0,516,1.0
AEMDHUG060-70,2026-04-29 15:24:10.010000+00:00,walking,1,516,1.0
AEMDHUG060-70,2026-04-29 15:24:17.010000+00:00,walking,1,516,1.0
AEMDHUG060-70,2026-04-29 15:24:18.010000+00:00,not_walking,0,516,1.0
AEMDHUG060-70,2026-04-29 15:24:19.010000+00:00,walking,1,516,1.0
AEMDHUG060-70,2026-04-29 15:24:25.010000+00:00,walking,1,516,1.0
AEMDHUG060-70,2026-04-29 15:24:26.010000+00:00,not_walking,0,516,1.0
AEMDHUG060-70,2026-04-29 15:24:27.010000+00:00,walking,1,516,1.0
AEMDHUG060-70,2026-04-29 15:24:34.010000+00:00,walking,1,516,1.0
AEMDHUG060-70,2026-04-29 15:24:35.010000+00:00,not_walking,0,516,1.0
AEMDHUG060-70,2026-04-29 15:24:36.010000+00:00,not_walking,0,516,1.0
AEMDHUG060-70,2026-04-29 15:24:37.010000+00:00,walking,1,516,1.0
AEMDHUG060-70,2026-04-29 15:24:39.010000+00:00,walking,1,516,1.0
AEMDHUG060-70,2026-04-29 15:24:40.010000+00:00,not_walking,0,516,1.0
AEMDHUG060-70,2026-04-29 15:24:41.010000+00:00,walking,1,516,1.0
AEMDHUG060-70,2026-04-29 15:24:43.010000+00:00,walking,1,516,1.0
AEMDHUG060-70,2026-04-29 15:24:44.010000+00:00,not_walking,0,516,1.0
AEMDHUG060-70,2026-04-29 15:24:45.010000+00:00,walking,1,516,1.0
AEMDHUG060-70,2026-04-29 15:24:51.010000+00:00,walking,1,516,1.0
AEMDHUG060-70,2026-04-29 15:24:52.010000+00:00,not_walking,0,516,1.0
AEMDHUG060-70,2026-04-29 15:24:53.010000+00:00,walking,1,516,1.0
AEMDHUG060-70,2026-04-29 15:25:04.010000+00:00,walking,1,516,1.0
AEMDHUG060-70,2026-04-29 15:25:05.010000+00:00,not_walking,0,516,1.0
AEMDHUG060-70,2026-04-29 15:25:06.010000+00:00,walking,1,516,1.0
AEMDHUG060-70,2026-04-29 15:25:08.010000+00:00,walking,1,516,1.0
AEMDHUG060-70,2026-04-29 15:25:09.010000+00:00,not_walking,0,516,1.0
AEMDHUG060-70,2026-04-29 15:25:10.010000+00:00,walking,1,516,1.0
AEMDHUG060-70,2026-04-29 15:25:46.010000+00:00,walking,1,516,1.0
AEMDHUG060-70,2026-04-29 15:25:47.010000+00:00,not_walking,0,516,1.0
AEMDHUG060-70,2026-04-29 15:25:48.010000+00:00,not_walking,0,516,1.0
AEMDHUG060-70,2026-04-29 15:25:49.010000+00:00,walking,1,516,1.0
AEMDHUG060-70,2026-04-29 15:25:50.010000+00:00,not_walking,0,516,1.0
AEMDHUG060-70,2026-04-29 15:25:51.010000+00:00,walking,1,516,1.0
AEMDHUG060-70,2026-04-29 15:25:58.010000+00:00,walking,1,516,1.0
AEMDHUG060-70,2026-04-29 15:25:59.010000+00:00,not_walking,0,516,1.0
AEMDHUG060-70,2026-04-29 15:26:00.010000+00:00,walking,1,516,1.0
AEMDHUG060-70,2026-04-29 15:26:07.010000+00:00,walking,1,516,1.0
AEMDHUG060-70,2026-04-29 15:26:08.010000+00:00,not_walking,0,516,1.0
AEMDHUG060-70,2026-04-29 15:26:09.010000+00:00,walking,1,516,1.0
AEMDHUG060-70,2026-04-29 15:26:15.010000+00:00,walking,1,516,1.0
AEMDHUG060-70,2026-04-29 15:26:16.010000+00:00,not_walking,0,516,1.0
AEMDHUG060-70,2026-04-29 15:26:17.010000+00:00,walking,1,516,1.0
AEMDHUG060-70,2026-04-29 15:26:24.010000+00:00,walking,1,516,1.0
AEMDHUG060-70,2026-04-29 15:26:25.010000+00:00,not_walking,0,516,1.0
AEMDHUG060-70,2026-04-29 15:26:26.010000+00:00,walking,1,516,1.0
AEMDHUG060-70,2026-04-29 15:26:41.010000+00:00,walking,1,516,1.0
AEMDHUG060-70,2026-04-29 15:26:42.010000+00:00,not_walking,0,516,1.0
AEMDHUG060-70,2026-04-29 15:26:43.010000+00:00,not_walking,0,516,1.0
AEMDHUG060-70,2026-04-29 15:26:44.010000+00:00,walking,1,516,1.0
AEMDHUG060-70,2026-04-29 15:26:49.010000+00:00,walking,1,516,1.0
AEMDHUG060-70,2026-04-29 15:26:50.010000+00:00,not_walking,0,516,1.0
AEMDHUG060-70,2026-04-29 15:26:51.010000+00:00,walking,1,516,1.0
AEMDHUG060-70,2026-04-29 15:26:58.010000+00:00,walking,1,516,1.0
AEMDHUG060-70,2026-04-29 15:26:59.010000+00:00,not_walking,0,516,1.0
AEMDHUG060-70,2026-04-29 15:27:00.010000+00:00,walking,1,516,1.0
AEMDHUG060-70,2026-04-29 15:27:24.010000+00:00,walking,1,516,1.0
AEMDHUG060-70,2026-04-29 15:27:25.010000+00:00,not_walking,0,516,1.0
AEMDHUG060-70,2026-04-29 15:27:26.010000+00:00,walking,1,516,1.0
AEMDHUG060-70,2026-04-29 15:27:40.010000+00:00,walking,1,516,1.0
AEMDHUG060-70,2026-04-29 15:27:41.010000+00:00,not_walking,0,516,1.0
AEMDHUG060-70,2026-04-29 15:27:42.010000+00:00,walking,1,516,1.0
AEMDHUG060-70,2026-04-29 15:27:49.010000+00:00,walking,1,516,1.0
AEMDHUG060-70,2026-04-29 15:27:50.010000+00:00,not_walking,0,516,1.0
AEMDHUG060-70,2026-04-29 15:27:51.010000+00:00,walking,1,516,1.0
AEMDHUG060-70,2026-04-29 15:28:00.010000+00:00,walking,1,516,1.0
AEMDHUG060-70,2026-04-29 15:28:01.010000+00:00,not_walking,0,516,1.0
AEMDHUG060-70,2026-04-29 15:28:02.010000+00:00,walking,1,516,1.0
AEMDHUG060-70,2026-04-29 15:28:14.010000+00:00,walking,1,516,1.0
AEMDHUG060-70,2026-04-29 15:28:15.010000+00:00,not_walking,0,516,1.0
AEMDHUG060-70,2026-04-29 15:28:16.010000+00:00,walking,1,516,1.0
AEMDHUG060-70,2026-04-29 15:28:25.010000+00:00,walking,1,516,1.0
AEMDHUG060-70,2026-04-29 15:28:26.010000+00:00,not_walking,0,516,1.0
AEMDHUG060-70,2026-04-29 15:28:27.010000+00:00,not_walking,0,516,1.0
AEMDHUG060-70,2026-04-29 15:28:28.010000+00:00,walking,1,516,1.0
AEMDHUG060-70,2026-04-29 15:28:38.010000+00:00,walking,1,516,1.0
AEMDHUG060-70,2026-04-29 15:28:39.010000+00:00,not_walking,0,516,1.0
AEMDHUG060-70,2026-04-29 15:28:40.010000+00:00,walking,1,516,1.0
AGCHUG064-10,2026-05-05 08:39:56.170000+00:00,walking,1,519,4.84
AGCHUG064-10,2026-05-05 08:40:01.010000+00:00,not_walking,0,519,4.84
AGCHUG064-10,2026-05-05 09:52:29.170000+00:00,not_walking,0,565,1.0
AGCHUG064-10,2026-05-05 09:52:30.170000+00:00,walking,1,565,1.0
AGCHUG064-10,2026-05-05 09:52:31.170000+00:00,not_walking,0,565,1.0
AGCHUG064-10,2026-05-05 09:52:32.170000+00:00,walking,1,565,1.0
AGCHUG064-10,2026-05-05 09:52:36.170000+00:00,walking,1,565,1.0
AGCHUG064-10,2026-05-05 09:52:37.170000+00:00,not_walking,0,565,1.0
AGCHUG064-10,2026-05-05 09:52:39.170000+00:00,not_walking,0,565,1.0
AGCHUG064-10,2026-05-05 09:52:40.170000+00:00,walking,1,565,1.0
AGCHUG064-10,2026-05-05 09:52:41.170000+00:00,walking,1,565,1.0
AGCHUG064-10,2026-05-05 09:52:42.170000+00:00,not_walking,0,565,1.0
AGCHUG064-10,2026-05-05 09:52:44.170000+00:00,not_walking,0,565,1.0
AGCHUG064-10,2026-05-05 09:52:45.170000+00:00,walking,1,565,1.0
AGCHUG064-10,2026-05-05 09:52:46.170000+00:00,walking,1,565,1.0
AGCHUG064-10,2026-05-05 09:52:47.170000+00:00,not_walking,0,565,1.0
AGCHUG064-10,2026-05-05 09:52:49.170000+00:00,not_walking,0,565,1.0
AGCHUG064-10,2026-05-05 09:52:50.170000+00:00,walking,1,565,1.0
AGCHUG064-10,2026-05-05 09:52:51.170000+00:00,walking,1,565,1.0
AGCHUG064-10,2026-05-05 09:52:52.170000+00:00,not_walking,0,565,1.0
AGCHUG064-10,2026-05-05 09:52:53.170000+00:00,walking,1,565,1.0
AGCHUG064-10,2026-05-05 09:52:54.170000+00:00,not_walking,0,565,1.0
AGCHUG064-10,2026-05-05 09:52:55.170000+00:00,not_walking,0,565,1.0
AGCHUG064-10,2026-05-05 09:52:56.170000+00:00,walking,1,565,1.0
AGCHUG064-10,2026-05-05 09:52:57.170000+00:00,not_walking,0,565,1.0
AGCHUG064-10,2026-05-05 09:52:58.170000+00:00,walking,1,565,1.0
AGCHUG064-10,2026-05-05 09:53:02.170000+00:00,walking,1,565,1.0
AGCHUG064-10,2026-05-05 09:53:03.170000+00:00,not_walking,0,565,1.0
AGCHUG064-10,2026-05-05 09:53:04.170000+00:00,walking,1,565,1.0
AGCHUG064-10,2026-05-05 09:53:05.170000+00:00,not_walking,0,565,1.0
AGCHUG064-10,2026-05-05 09:53:07.170000+00:00,not_walking,0,565,1.0
AGCHUG064-10,2026-05-05 09:53:08.170000+00:00,walking,1,565,1.0
AGCHUG064-10,2026-05-05 09:53:11.170000+00:00,walking,1,565,1.0
AGCHUG064-10,2026-05-05 09:53:12.170000+00:00,not_walking,0,565,1.0
AGCHUG064-10,2026-05-05 09:53:13.170000+00:00,not_walking,0,565,1.0
AGCHUG064-10,2026-05-05 09:53:14.170000+00:00,walking,1,565,1.0
AGCHUG064-10,2026-05-05 09:53:17.170000+00:00,walking,1,565,1.0
AGCHUG064-10,2026-05-05 09:53:18.170000+00:00,not_walking,0,565,1.0
AMGHUG014-3,2026-05-03 22:14:22.010000+00:00,not_walking,0,576,1.0
AMGHUG014-3,2026-05-03 22:14:23.010000+00:00,walking,1,576,1.0
AMGHUG014-3,2026-05-03 22:14:32.010000+00:00,walking,1,576,4.0
AMGHUG014-3,2026-05-03 22:14:36.010000+00:00,not_walking,0,576,4.0
AMGHUG014-3,2026-05-03 22:14:40.010000+00:00,not_walking,0,576,2.0
AMGHUG014-3,2026-05-03 22:14:42.010000+00:00,walking,1,576,2.0
AMGHUG014-3,2026-05-03 22:15:01.010000+00:00,not_walking,0,577,2.0
AMGHUG014-3,2026-05-03 22:15:03.010000+00:00,walking,1,577,2.0
JOM250427-105,2025-04-27 06:16:25.580000+00:00,not_walking,0,601,2.0
JOM250427-105,2025-04-27 06:16:27.580000+00:00,walking,1,601,2.0
JOM250427-105,2025-04-27 06:16:41.580000+00:00,walking,1,601,4.0
JOM250427-105,2025-04-27 06:16:45.580000+00:00,not_walking,0,601,4.0
JOM250427-105,2025-04-27 06:33:08.010000+00:00,not_walking,0,623,3.0
JOM250427-105,2025-04-27 06:33:11.010000+00:00,walking,1,623,3.0
JOM250427-105,2025-04-27 06:40:26+00:00,not_walking,0,633,1.0
JOM250427-105,2025-04-27 06:40:27+00:00,walking,1,633,1.0
JOM250429-103,2025-04-29 17:33:21.460000+00:00,not_walking,0,649,3.0
JOM250429-103,2025-04-29 17:33:24.460000+00:00,walking,1,649,3.0
JOM250429-103,2025-04-29 17:39:58.460000+00:00,not_walking,0,660,3.55
JOM250429-103,2025-04-29 17:40:02.010000+00:00,walking,1,660,3.55
JOM250429-103,2025-04-29 17:40:21.010000+00:00,not_walking,0,661,1.0
JOM250429-103,2025-04-29 17:40:22.010000+00:00,walking,1,661,1.0
JOM250429-103,2025-04-29 17:53:28.010000+00:00,walking,1,671,1.0
JOM250429-103,2025-04-29 17:53:29.010000+00:00,not_walking,0,671,1.0
TABUENCA01-45,2024-04-25 14:15:17.020000+00:00,walking,1,678,1.0
TABUENCA01-45,2024-04-25 14:15:18.020000+00:00,not_walking,0,678,1.0
TABUENCA01-45,2024-04-25 14:15:27.020000+00:00,not_walking,0,678,2.0
TABUENCA01-45,2024-04-25 14:15:29.020000+00:00,walking,1,678,2.0
TABUENCA01-45,2024-04-25 14:17:30.020000+00:00,walking,1,678,2.0
TABUENCA01-45,2024-04-25 14:17:32.020000+00:00,not_walking,0,678,2.0
TABUENCA01-45,2024-04-25 14:17:42.020000+00:00,not_walking,0,678,1.0
TABUENCA01-45,2024-04-25 14:17:43.020000+00:00,walking,1,678,1.0
TABUENCA01-45,2024-04-25 14:20:19.020000+00:00,walking,1,678,2.0
TABUENCA01-45,2024-04-25 14:20:21.020000+00:00,not_walking,0,678,2.0
TABUENCA01-45,2024-04-25 14:20:33.020000+00:00,not_walking,0,678,1.0
TABUENCA01-45,2024-04-25 14:20:34.020000+00:00,walking,1,678,1.0
TABUENCA01-45,2024-04-25 14:21:53.020000+00:00,walking,1,678,2.0
TABUENCA01-45,2024-04-25 14:21:55.020000+00:00,not_walking,0,678,2.0
TABUENCA01-45,2024-04-25 14:22:45.020000+00:00,not_walking,0,678,2.0
TABUENCA01-45,2024-04-25 14:22:47.020000+00:00,walking,1,678,2.0
TABUENCA01-45,2024-04-25 14:23:59.020000+00:00,walking,1,678,2.0
TABUENCA01-45,2024-04-25 14:24:01.020000+00:00,not_walking,0,678,2.0
TABUENCA01-45,2024-04-25 14:24:34.020000+00:00,not_walking,0,678,2.0
TABUENCA01-45,2024-04-25 14:24:36.020000+00:00,walking,1,678,2.0
TABUENCA01-45,2024-04-25 14:39:21.020000+00:00,walking,1,679,1.0
TABUENCA01-45,2024-04-25 14:39:22.020000+00:00,not_walking,0,679,1.0
TABUENCA01-45,2024-04-25 14:39:31.020000+00:00,not_walking,0,679,1.0
TABUENCA01-45,2024-04-25 14:39:32.020000+00:00,walking,1,679,1.0
TABUENCA01-45,2024-04-25 14:41:33.020000+00:00,walking,1,679,1.0
TABUENCA01-45,2024-04-25 14:41:34.020000+00:00,not_walking,0,679,1.0
TABUENCA01-45,2024-04-25 14:42:00.020000+00:00,not_walking,0,679,2.0
TABUENCA01-45,2024-04-25 14:42:02.020000+00:00,walking,1,679,2.0
TABUENCA01-45,2024-04-25 14:44:39.020000+00:00,walking,1,679,1.0
TABUENCA01-45,2024-04-25 14:44:40.020000+00:00,not_walking,0,679,1.0
TABUENCA01-45,2024-04-25 14:45:12.020000+00:00,not_walking,0,679,2.0
TABUENCA01-45,2024-04-25 14:45:14.020000+00:00,walking,1,679,2.0
TABUENCA01-45,2024-04-25 14:46:44.020000+00:00,walking,1,679,1.0
TABUENCA01-45,2024-04-25 14:46:45.020000+00:00,not_walking,0,679,1.0
TABUENCA01-45,2024-04-25 14:47:03.020000+00:00,not_walking,0,679,2.0
TABUENCA01-45,2024-04-25 14:47:05.020000+00:00,walking,1,679,2.0
TABUENCA01-45,2024-04-25 14:48:18.020000+00:00,walking,1,679,1.0
TABUENCA01-45,2024-04-25 14:48:19.020000+00:00,not_walking,0,679,1.0
TABUENCA01-45,2024-04-25 14:48:36.020000+00:00,not_walking,0,679,1.0
TABUENCA01-45,2024-04-25 14:48:37.020000+00:00,walking,1,679,1.0
TABUENCA01-45,2024-04-25 14:49:33.020000+00:00,walking,1,679,1.0
TABUENCA01-45,2024-04-25 14:49:34.020000+00:00,not_walking,0,679,1.0
VCLHUG026-16,2026-02-10 08:54:30.330000+00:00,not_walking,0,681,1.0
VCLHUG026-16,2026-02-10 08:54:31.330000+00:00,walking,1,681,1.0
VCLHUG026-16,2026-02-10 08:54:38.330000+00:00,walking,1,681,2.0
VCLHUG026-16,2026-02-10 08:54:40.330000+00:00,not_walking,0,681,2.0
VCLHUG026-16,2026-02-10 08:54:46.330000+00:00,not_walking,0,681,2.0
VCLHUG026-16,2026-02-10 08:54:48.330000+00:00,walking,1,681,2.0
VCLHUG026-16,2026-02-10 09:14:30+00:00,walking,1,703,4.0
VCLHUG026-16,2026-02-10 09:14:34+00:00,not_walking,0,703,4.0
VLGHUG049-29,2026-04-14 09:27:48.900000+00:00,not_walking,0,731,3.0
VLGHUG049-29,2026-04-14 09:27:51.900000+00:00,walking,1,731,3.0
VLGHUG049-29,2026-04-14 09:28:45.900000+00:00,walking,1,733,2.0
VLGHUG049-29,2026-04-14 09:28:47.900000+00:00,not_walking,0,733,2.0
VLGHUG049-29,2026-04-14 09:30:13.010000+00:00,walking,1,738,3.0
VLGHUG049-29,2026-04-14 09:30:16.010000+00:00,not_walking,0,738,3.0
VLGHUG049-29,2026-04-14 09:48:30+00:00,walking,1,751,2.0
VLGHUG049-29,2026-04-14 09:48:32+00:00,not_walking,0,751,2.0
VLGHUG049-29,2026-04-14 09:48:39+00:00,not_walking,0,751,3.0
VLGHUG049-29,2026-04-14 09:48:42+00:00,walking,1,751,3.0
VLGHUG049-29,2026-04-14 09:59:58.020000+00:00,walking,1,765,3.0
VLGHUG049-29,2026-04-14 10:00:01.020000+00:00,not_walking,0,765,3.0
X8439657Z-23,2025-03-21 19:16:42.970000+00:00,walking,1,772,2.0
X8439657Z-23,2025-03-21 19:16:44.970000+00:00,not_walking,0,772,2.0
X8439657Z-23,2025-03-22 11:03:18.830000+00:00,walking,1,786,2.0
X8439657Z-23,2025-03-22 11:03:20.830000+00:00,not_walking,0,786,2.0
X8439657Z-23,2025-03-22 11:03:33.830000+00:00,not_walking,0,786,2.0
X8439657Z-23,2025-03-22 11:03:35.830000+00:00,walking,1,786,2.0
X8439657Z-23,2025-03-22 11:05:23.830000+00:00,not_walking,0,790,2.0
X8439657Z-23,2025-03-22 11:05:25.830000+00:00,walking,1,790,2.0
X8439657Z-23,2025-03-22 11:06:19.830000+00:00,walking,1,792,2.0
X8439657Z-23,2025-03-22 11:06:21.830000+00:00,not_walking,0,792,2.0
X8439657Z-23,2025-03-22 11:06:48.830000+00:00,not_walking,0,793,4.0
X8439657Z-23,2025-03-22 11:06:52.830000+00:00,walking,1,793,4.0
X8439657Z-23,2025-03-22 11:08:00.830000+00:00,walking,1,796,2.0
X8439657Z-23,2025-03-22 11:08:02.830000+00:00,not_walking,0,796,2.0
