enter_threshold,exit_threshold,enter_run_windows,exit_run_windows,rows,accuracy,precision_walking,recall_walking,f1_walking,specificity_not_walking,false_positive_rate,tn,fp,fn,tp,scope,segments
0.65,0.4,1,1,388,0.30927835051546393,0.04285714285714286,1.0,0.0821917808219178,0.2872340425531915,0.7127659574468085,108,268,0,12,same_patient,4
0.65,0.4,1,2,388,0.22164948453608246,0.03821656050955414,1.0,0.0736196319018405,0.19680851063829788,0.8031914893617021,74,302,0,12,same_patient,4
0.65,0.4,1,3,388,0.08505154639175258,0.0326975476839237,1.0,0.0633245382585752,0.05585106382978723,0.9441489361702128,21,355,0,12,same_patient,4
0.65,0.4,1,4,388,0.030927835051546393,0.030927835051546393,1.0,0.06,0.0,1.0,0,376,0,12,same_patient,4
0.65,0.4,1,5,388,0.030927835051546393,0.030927835051546393,1.0,0.06,0.0,1.0,0,376,0,12,same_patient,4
0.65,0.4,2,1,388,0.3917525773195876,0.04838709677419355,1.0,0.09230769230769231,0.3723404255319149,0.6276595744680851,140,236,0,12,same_patient,4
0.65,0.4,2,2,388,0.32216494845360827,0.04363636363636364,1.0,0.08362369337979095,0.300531914893617,0.699468085106383,113,263,0,12,same_patient,4
0.65,0.4,2,3,388,0.11082474226804123,0.03361344537815126,1.0,0.06504065040650407,0.08244680851063829,0.9175531914893617,31,345,0,12,same_patient,4
0.65,0.4,2,4,388,0.030927835051546393,0.030927835051546393,1.0,0.06,0.0,1.0,0,376,0,12,same_patient,4
0.65,0.4,2,5,388,0.030927835051546393,0.030927835051546393,1.0,0.06,0.0,1.0,0,376,0,12,same_patient,4
0.65,0.4,3,1,388,0.4175257731958763,0.05042016806722689,1.0,0.096,0.39893617021276595,0.601063829787234,150,226,0,12,same_patient,4
0.65,0.4,3,2,388,0.39948453608247425,0.04897959183673469,1.0,0.0933852140077821,0.3803191489361702,0.6196808510638298,143,233,0,12,same_patient,4
0.65,0.4,3,3,388,0.34536082474226804,0.045112781954887216,1.0,0.08633093525179857,0.324468085106383,0.675531914893617,122,254,0,12,same_patient,4
0.65,0.4,3,4,388,0.030927835051546393,0.030927835051546393,1.0,0.06,0.0,1.0,0,376,0,12,same_patient,4
0.65,0.4,3,5,388,0.030927835051546393,0.030927835051546393,1.0,0.06,0.0,1.0,0,376,0,12,same_patient,4
0.65,0.4,4,1,388,0.39948453608247425,0.0,0.0,0.0,0.4122340425531915,0.5877659574468085,155,221,12,0,same_patient,4
0.65,0.4,4,2,388,0.38144329896907214,0.0,0.0,0.0,0.39361702127659576,0.6063829787234043,148,228,12,0,same_patient,4
0.65,0.4,4,3,388,0.327319587628866,0.0,0.0,0.0,0.3377659574468085,0.6622340425531915,127,249,12,0,same_patient,4
0.65,0.4,4,4,388,0.01288659793814433,0.0,0.0,0.0,0.013297872340425532,0.9867021276595744,5,371,12,0,same_patient,4
0.65,0.4,4,5,388,0.01288659793814433,0.0,0.0,0.0,0.013297872340425532,0.9867021276595744,5,371,12,0,same_patient,4
0.65,0.45,1,1,388,0.3427835051546392,0.0449438202247191,1.0,0.08602150537634409,0.32180851063829785,0.6781914893617021,121,255,0,12,same_patient,4
0.65,0.45,1,2,388,0.2654639175257732,0.04040404040404041,1.0,0.07766990291262135,0.24202127659574468,0.7579787234042553,91,285,0,12,same_patient,4
0.65,0.45,1,3,388,0.2422680412371134,0.0392156862745098,1.0,0.07547169811320754,0.21808510638297873,0.7819148936170213,82,294,0,12,same_patient,4
0.65,0.45,1,4,388,0.18041237113402062,0.03636363636363636,1.0,0.07017543859649122,0.15425531914893617,0.8457446808510638,58,318,0,12,same_patient,4
0.65,0.45,1,5,388,0.030927835051546393,0.030927835051546393,1.0,0.06,0.0,1.0,0,376,0,12,same_patient,4
0.65,0.45,2,1,388,0.43041237113402064,0.05150214592274678,1.0,0.09795918367346938,0.4122340425531915,0.5877659574468085,155,221,0,12,same_patient,4
0.65,0.45,2,2,388,0.36597938144329895,0.046511627906976744,1.0,0.08888888888888889,0.34574468085106386,0.6542553191489362,130,246,0,12,same_patient,4
0.65,0.45,2,3,388,0.3427835051546392,0.0449438202247191,1.0,0.08602150537634409,0.32180851063829785,0.6781914893617021,121,255,0,12,same_patient,4
0.65,0.45,2,4,388,0.20618556701030927,0.0375,1.0,0.07228915662650602,0.18085106382978725,0.8191489361702128,68,308,0,12,same_patient,4
0.65,0.45,2,5,388,0.030927835051546393,0.030927835051546393,1.0,0.06,0.0,1.0,0,376,0,12,same_patient,4
0.65,0.45,3,1,388,0.45618556701030927,0.053811659192825115,1.0,0.10212765957446808,0.43882978723404253,0.5611702127659575,165,211,0,12,same_patient,4
0.65,0.45,3,2,388,0.4252577319587629,0.05106382978723404,1.0,0.09716599190283401,0.40691489361702127,0.5930851063829787,153,223,0,12,same_patient,4
0.65,0.45,3,3,388,0.4020618556701031,0.04918032786885246,1.0,0.09375,0.3829787234042553,0.6170212765957447,144,232,0,12,same_patient,4
0.65,0.45,3,4,388,0.20618556701030927,0.0375,1.0,0.07228915662650602,0.18085106382978725,0.8191489361702128,68,308,0,12,same_patient,4
0.65,0.45,3,5,388,0.030927835051546393,0.030927835051546393,1.0,0.06,0.0,1.0,0,376,0,12,same_patient,4
0.65,0.45,4,1,388,0.45103092783505155,0.0,0.0,0.0,0.4654255319148936,0.5345744680851063,175,201,12,0,same_patient,4
0.65,0.45,4,2,388,0.4072164948453608,0.0,0.0,0.0,0.42021276595744683,0.5797872340425532,158,218,12,0,same_patient,4
0.65,0.45,4,3,388,0.38402061855670105,0.0,0.0,0.0,0.3962765957446808,0.6037234042553191,149,227,12,0,same_patient,4
0.65,0.45,4,4,388,0.18814432989690721,0.0,0.0,0.0,0.19414893617021275,0.8058510638297872,73,303,12,0,same_patient,4
0.65,0.45,4,5,388,0.01288659793814433,0.0,0.0,0.0,0.013297872340425532,0.9867021276595744,5,371,12,0,same_patient,4
0.65,0.5,1,1,388,0.4020618556701031,0.04918032786885246,1.0,0.09375,0.3829787234042553,0.6170212765957447,144,232,0,12,same_patient,4
0.65,0.5,1,2,388,0.31443298969072164,0.04316546762589928,1.0,0.08275862068965517,0.2925531914893617,0.7074468085106383,110,266,0,12,same_patient,4
0.65,0.5,1,3,388,0.3015463917525773,0.04240282685512368,1.0,0.08135593220338982,0.27925531914893614,0.7207446808510638,105,271,0,12,same_patient,4
0.65,0.5,1,4,388,0.2912371134020619,0.041811846689895474,1.0,0.0802675585284281,0.26861702127659576,0.7313829787234043,101,275,0,12,same_patient,4
0.65,0.5,1,5,388,0.2603092783505155,0.04013377926421405,1.0,0.07717041800643087,0.23670212765957446,0.7632978723404256,89,287,0,12,same_patient,4
0.65,0.5,2,1,388,0.4639175257731959,0.05454545454545454,1.0,0.10344827586206896,0.44680851063829785,0.5531914893617021,168,208,0,12,same_patient,4
0.65,0.5,2,2,388,0.4020618556701031,0.04918032786885246,1.0,0.09375,0.3829787234042553,0.6170212765957447,144,232,0,12,same_patient,4
0.65,0.5,2,3,388,0.3865979381443299,0.048,1.0,0.0916030534351145,0.3670212765957447,0.6329787234042553,138,238,0,12,same_patient,4
0.65,0.5,2,4,388,0.3865979381443299,0.048,1.0,0.0916030534351145,0.3670212765957447,0.6329787234042553,138,238,0,12,same_patient,4
0.65,0.5,2,5,388,0.3118556701030928,0.043010752688172046,1.0,0.08247422680412371,0.2898936170212766,0.7101063829787234,109,267,0,12,same_patient,4
0.65,0.5,3,1,388,0.48195876288659795,0.056338028169014086,1.0,0.10666666666666667,0.4654255319148936,0.5345744680851063,175,201,0,12,same_patient,4
0.65,0.5,3,2,388,0.4252577319587629,0.05106382978723404,1.0,0.09716599190283401,0.40691489361702127,0.5930851063829787,153,223,0,12,same_patient,4
0.65,0.5,3,3,388,0.4252577319587629,0.05106382978723404,1.0,0.09716599190283401,0.40691489361702127,0.5930851063829787,153,223,0,12,same_patient,4
0.65,0.5,3,4,388,0.4252577319587629,0.05106382978723404,1.0,0.09716599190283401,0.40691489361702127,0.5930851063829787,153,223,0,12,same_patient,4
0.65,0.5,3,5,388,0.35051546391752575,0.045454545454545456,1.0,0.08695652173913043,0.32978723404255317,0.6702127659574468,124,252,0,12,same_patient,4
0.65,0.5,4,1,388,0.47164948453608246,0.0,0.0,0.0,0.4867021276595745,0.5132978723404256,183,193,12,0,same_patient,4
0.65,0.5,4,2,388,0.4072164948453608,0.0,0.0,0.0,0.42021276595744683,0.5797872340425532,158,218,12,0,same_patient,4
0.65,0.5,4,3,388,0.4072164948453608,0.0,0.0,0.0,0.42021276595744683,0.5797872340425532,158,218,12,0,same_patient,4
0.65,0.5,4,4,388,0.4072164948453608,0.0,0.0,0.0,0.42021276595744683,0.5797872340425532,158,218,12,0,same_patient,4
0.65,0.5,4,5,388,0.3324742268041237,0.0,0.0,0.0,0.34308510638297873,0.6569148936170213,129,247,12,0,same_patient,4
0.65,0.55,1,1,388,0.4381443298969072,0.04424778761061947,0.8333333333333334,0.08403361344537816,0.425531914893617,0.574468085106383,160,216,2,10,same_patient,4
0.65,0.55,1,2,388,0.37371134020618557,0.047058823529411764,1.0,0.0898876404494382,0.3537234042553192,0.6462765957446809,133,243,0,12,same_patient,4
0.65,0.55,1,3,388,0.3479381443298969,0.045283018867924525,1.0,0.08664259927797834,0.3271276595744681,0.6728723404255319,123,253,0,12,same_patient,4
0.65,0.55,1,4,388,0.3170103092783505,0.04332129963898917,1.0,0.08304498269896193,0.29521276595744683,0.7047872340425532,111,265,0,12,same_patient,4
0.65,0.55,1,5,388,0.2860824742268041,0.04152249134948097,1.0,0.07973421926910298,0.2632978723404255,0.7367021276595744,99,277,0,12,same_patient,4
0.65,0.55,2,1,388,0.49742268041237114,0.04926108374384237,0.8333333333333334,0.09302325581395349,0.4867021276595745,0.5132978723404256,183,193,2,10,same_patient,4
0.65,0.55,2,2,388,0.41494845360824745,0.0502092050209205,1.0,0.09561752988047809,0.3962765957446808,0.6037234042553191,149,227,0,12,same_patient,4
0.65,0.55,2,3,388,0.39948453608247425,0.04897959183673469,1.0,0.0933852140077821,0.3803191489361702,0.6196808510638298,143,233,0,12,same_patient,4
0.65,0.55,2,4,388,0.39948453608247425,0.04897959183673469,1.0,0.0933852140077821,0.3803191489361702,0.6196808510638298,143,233,0,12,same_patient,4
0.65,0.55,2,5,388,0.33762886597938147,0.04460966542750929,1.0,0.08540925266903915,0.31648936170212766,0.6835106382978723,119,257,0,12,same_patient,4
0.65,0.55,3,1,388,0.5283505154639175,0.05235602094240838,0.8333333333333334,0.09852216748768473,0.5186170212765957,0.48138297872340424,195,181,2,10,same_patient,4
0.65,0.55,3,2,388,0.4381443298969072,0.05217391304347826,1.0,0.09917355371900827,0.42021276595744683,0.5797872340425532,158,218,0,12,same_patient,4
0.65,0.55,3,3,388,0.4381443298969072,0.05217391304347826,1.0,0.09917355371900827,0.42021276595744683,0.5797872340425532,158,218,0,12,same_patient,4
0.65,0.55,3,4,388,0.4381443298969072,0.05217391304347826,1.0,0.09917355371900827,0.42021276595744683,0.5797872340425532,158,218,0,12,same_patient,4
0.65,0.55,3,5,388,0.37628865979381443,0.047244094488188976,1.0,0.09022556390977443,0.35638297872340424,0.6436170212765957,134,242,0,12,same_patient,4
0.65,0.55,4,1,388,0.520618556701031,0.0,0.0,0.0,0.5372340425531915,0.4627659574468085,202,174,12,0,same_patient,4
0.65,0.55,4,2,388,0.42010309278350516,0.0,0.0,0.0,0.43351063829787234,0.5664893617021277,163,213,12,0,same_patient,4
0.65,0.55,4,3,388,0.42010309278350516,0.0,0.0,0.0,0.43351063829787234,0.5664893617021277,163,213,12,0,same_patient,4
0.65,0.55,4,4,388,0.42010309278350516,0.0,0.0,0.0,0.43351063829787234,0.5664893617021277,163,213,12,0,same_patient,4
0.65,0.55,4,5,388,0.3582474226804124,0.0,0.0,0.0,0.3696808510638298,0.6303191489361702,139,237,12,0,same_patient,4
0.65,0.6,1,1,388,0.49226804123711343,0.04433497536945813,0.75,0.08372093023255814,0.48404255319148937,0.5159574468085106,182,194,3,9,same_patient,4
0.65,0.6,1,2,388,0.41494845360824745,0.0425531914893617,0.8333333333333334,0.08097165991902834,0.4015957446808511,0.598404255319149,151,225,2,10,same_patient,4
0.65,0.6,1,3,388,0.39690721649484534,0.04878048780487805,1.0,0.09302325581395349,0.3776595744680851,0.6223404255319149,142,234,0,12,same_patient,4
0.65,0.6,1,4,388,0.3788659793814433,0.04743083003952569,1.0,0.09056603773584905,0.35904255319148937,0.6409574468085106,135,241,0,12,same_patient,4
0.65,0.6,1,5,388,0.3788659793814433,0.04743083003952569,1.0,0.09056603773584905,0.35904255319148937,0.6409574468085106,135,241,0,12,same_patient,4
0.65,0.6,2,1,388,0.5592783505154639,0.05084745762711865,0.75,0.09523809523809523,0.5531914893617021,0.44680851063829785,208,168,3,9,same_patient,4
0.65,0.6,2,2,388,0.45103092783505155,0.04524886877828054,0.8333333333333334,0.08583690987124463,0.43882978723404253,0.5611702127659575,165,211,2,10,same_patient,4
0.65,0.6,2,3,388,0.42010309278350516,0.05063291139240506,1.0,0.0963855421686747,0.4015957446808511,0.598404255319149,151,225,0,12,same_patient,4
0.65,0.6,2,4,388,0.41237113402061853,0.05,1.0,0.09523809523809523,0.39361702127659576,0.6063829787234043,148,228,0,12,same_patient,4
0.65,0.6,2,5,388,0.41237113402061853,0.05,1.0,0.09523809523809523,0.39361702127659576,0.6063829787234043,148,228,0,12,same_patient,4
0.65,0.6,3,1,388,0.6005154639175257,0.055900621118012424,0.75,0.10404624277456648,0.5957446808510638,0.40425531914893614,224,152,3,9,same_patient,4
0.65,0.6,3,2,388,0.48195876288659795,0.04784688995215311,0.8333333333333334,0.09049773755656108,0.47074468085106386,0.5292553191489362,177,199,2,10,same_patient,4
0.65,0.6,3,3,388,0.45103092783505155,0.05333333333333334,1.0,0.10126582278481013,0.43351063829787234,0.5664893617021277,163,213,0,12,same_patient,4
0.65,0.6,3,4,388,0.44329896907216493,0.05263157894736842,1.0,0.1,0.425531914893617,0.574468085106383,160,216,0,12,same_patient,4
0.65,0.6,3,5,388,0.44329896907216493,0.05263157894736842,1.0,0.1,0.425531914893617,0.574468085106383,160,216,0,12,same_patient,4
0.65,0.6,4,1,388,0.6211340206185567,0.0,0.0,0.0,0.6409574468085106,0.35904255319148937,241,135,12,0,same_patient,4
0.65,0.6,4,2,388,0.45618556701030927,0.0,0.0,0.0,0.47074468085106386,0.5292553191489362,177,199,12,0,same_patient,4
0.65,0.6,4,3,388,0.4329896907216495,0.0,0.0,0.0,0.44680851063829785,0.5531914893617021,168,208,12,0,same_patient,4
0.65,0.6,4,4,388,0.4252577319587629,0.0,0.0,0.0,0.43882978723404253,0.5611702127659575,165,211,12,0,same_patient,4
0.65,0.6,4,5,388,0.4252577319587629,0.0,0.0,0.0,0.43882978723404253,0.5611702127659575,165,211,12,0,same_patient,4
0.65,0.65,1,1,388,0.5773195876288659,0.047619047619047616,0.6666666666666666,0.08888888888888889,0.574468085106383,0.425531914893617,216,160,4,8,same_patient,4
0.65,0.65,1,2,388,0.5128865979381443,0.050761421319796954,0.8333333333333334,0.09569377990430622,0.5026595744680851,0.4973404255319149,189,187,2,10,same_patient,4
0.65,0.65,1,3,388,0.45618556701030927,0.045662100456621,0.8333333333333334,0.08658008658008658,0.4441489361702128,0.5558510638297872,167,209,2,10,same_patient,4
0.65,0.65,1,4,388,0.4097938144329897,0.04219409282700422,0.8333333333333334,0.08032128514056225,0.3962765957446808,0.6037234042553191,149,227,2,10,same_patient,4
0.65,0.65,1,5,388,0.39948453608247425,0.04149377593360996,0.8333333333333334,0.07905138339920949,0.38563829787234044,0.6143617021276596,145,231,2,10,same_patient,4
0.65,0.65,2,1,388,0.6365979381443299,0.05517241379310345,0.6666666666666666,0.10191082802547771,0.6356382978723404,0.36436170212765956,239,137,4,8,same_patient,4
0.65,0.65,2,2,388,0.595360824742268,0.06060606060606061,0.8333333333333334,0.11299435028248588,0.5877659574468085,0.4122340425531915,221,155,2,10,same_patient,4
0.65,0.65,2,3,388,0.5103092783505154,0.050505050505050504,0.8333333333333334,0.09523809523809523,0.5,0.5,188,188,2,10,same_patient,4
0.65,0.65,2,4,388,0.44329896907216493,0.044642857142857144,0.8333333333333334,0.0847457627118644,0.4308510638297872,0.5691489361702128,162,214,2,10,same_patient,4
0.65,0.65,2,5,388,0.44329896907216493,0.044642857142857144,0.8333333333333334,0.0847457627118644,0.4308510638297872,0.5691489361702128,162,214,2,10,same_patient,4
0.65,0.65,3,1,388,0.6726804123711341,0.047244094488188976,0.5,0.08633093525179857,0.6781914893617021,0.32180851063829785,255,121,6,6,same_patient,4
0.65,0.65,3,2,388,0.6288659793814433,0.06578947368421052,0.8333333333333334,0.12195121951219512,0.6223404255319149,0.3776595744680851,234,142,2,10,same_patient,4
0.65,0.65,3,3,388,0.5231958762886598,0.05181347150259067,0.8333333333333334,0.0975609756097561,0.5132978723404256,0.4867021276595745,193,183,2,10,same_patient,4
0.65,0.65,3,4,388,0.4742268041237113,0.04716981132075472,0.8333333333333334,0.08928571428571429,0.4627659574468085,0.5372340425531915,174,202,2,10,same_patient,4
0.65,0.65,3,5,388,0.4742268041237113,0.04716981132075472,0.8333333333333334,0.08928571428571429,0.4627659574468085,0.5372340425531915,174,202,2,10,same_patient,4
0.65,0.65,4,1,388,0.7036082474226805,0.0,0.0,0.0,0.726063829787234,0.27393617021276595,273,103,12,0,same_patient,4
0.65,0.65,4,2,388,0.6623711340206185,0.0,0.0,0.0,0.6835106382978723,0.31648936170212766,257,119,12,0,same_patient,4
0.65,0.65,4,3,388,0.520618556701031,0.0,0.0,0.0,0.5372340425531915,0.4627659574468085,202,174,12,0,same_patient,4
0.65,0.65,4,4,388,0.46134020618556704,0.0,0.0,0.0,0.47606382978723405,0.523936170212766,179,197,12,0,same_patient,4
0.65,0.65,4,5,388,0.46134020618556704,0.0,0.0,0.0,0.47606382978723405,0.523936170212766,179,197,12,0,same_patient,4
0.7,0.4,1,1,388,0.38402061855670105,0.04048582995951417,0.8333333333333334,0.07722007722007722,0.3696808510638298,0.6303191489361702,139,237,2,10,same_patient,4
0.7,0.4,1,2,388,0.2860824742268041,0.03508771929824561,0.8333333333333334,0.06734006734006734,0.26861702127659576,0.7313829787234043,101,275,2,10,same_patient,4
0.7,0.4,1,3,388,0.10824742268041238,0.02824858757062147,0.8333333333333334,0.0546448087431694,0.0851063829787234,0.9148936170212766,32,344,2,10,same_patient,4
0.7,0.4,1,4,388,0.02577319587628866,0.025906735751295335,0.8333333333333334,0.05025125628140704,0.0,1.0,0,376,2,10,same_patient,4
0.7,0.4,1,5,388,0.02577319587628866,0.025906735751295335,0.8333333333333334,0.05025125628140704,0.0,1.0,0,376,2,10,same_patient,4
0.7,0.4,2,1,388,0.4329896907216495,0.0,0.0,0.0,0.44680851063829785,0.5531914893617021,168,208,12,0,same_patient,4
0.7,0.4,2,2,388,0.422680412371134,0.0,0.0,0.0,0.43617021276595747,0.5638297872340425,164,212,12,0,same_patient,4
0.7,0.4,2,3,388,0.36855670103092786,0.0,0.0,0.0,0.3803191489361702,0.6196808510638298,143,233,12,0,same_patient,4
0.7,0.4,2,4,388,0.05412371134020619,0.0,0.0,0.0,0.05585106382978723,0.9441489361702128,21,355,12,0,same_patient,4
0.7,0.4,2,5,388,0.05412371134020619,0.0,0.0,0.0,0.05585106382978723,0.9441489361702128,21,355,12,0,same_patient,4
0.7,0.4,3,1,388,0.44072164948453607,0.0,0.0,0.0,0.45478723404255317,0.5452127659574468,171,205,12,0,same_patient,4
0.7,0.4,3,2,388,0.43041237113402064,0.0,0.0,0.0,0.4441489361702128,0.5558510638297872,167,209,12,0,same_patient,4
0.7,0.4,3,3,388,0.37628865979381443,0.0,0.0,0.0,0.3882978723404255,0.6117021276595744,146,230,12,0,same_patient,4
0.7,0.4,3,4,388,0.061855670103092786,0.0,0.0,0.0,0.06382978723404255,0.9361702127659575,24,352,12,0,same_patient,4
0.7,0.4,3,5,388,0.061855670103092786,0.0,0.0,0.0,0.06382978723404255,0.9361702127659575,24,352,12,0,same_patient,4
0.7,0.4,4,1,388,0.44072164948453607,0.0,0.0,0.0,0.45478723404255317,0.5452127659574468,171,205,12,0,same_patient,4
0.7,0.4,4,2,388,0.43041237113402064,0.0,0.0,0.0,0.4441489361702128,0.5558510638297872,167,209,12,0,same_patient,4
0.7,0.4,4,3,388,0.37628865979381443,0.0,0.0,0.0,0.3882978723404255,0.6117021276595744,146,230,12,0,same_patient,4
0.7,0.4,4,4,388,0.061855670103092786,0.0,0.0,0.0,0.06382978723404255,0.9361702127659575,24,352,12,0,same_patient,4
0.7,0.4,4,5,388,0.061855670103092786,0.0,0.0,0.0,0.06382978723404255,0.9361702127659575,24,352,12,0,same_patient,4
0.7,0.45,1,1,388,0.4175257731958763,0.042735042735042736,0.8333333333333334,0.08130081300813008,0.40425531914893614,0.5957446808510638,152,224,2,10,same_patient,4
0.7,0.45,1,2,388,0.32989690721649484,0.03731343283582089,0.8333333333333334,0.07142857142857142,0.31382978723404253,0.6861702127659575,118,258,2,10,same_patient,4
0.7,0.45,1,3,388,0.30670103092783507,0.036101083032490974,0.8333333333333334,0.06920415224913495,0.2898936170212766,0.7101063829787234,109,267,2,10,same_patient,4
0.7,0.45,1,4,388,0.20103092783505155,0.031446540880503145,0.8333333333333334,0.06060606060606061,0.18085106382978725,0.8191489361702128,68,308,2,10,same_patient,4
0.7,0.45,1,5,388,0.02577319587628866,0.025906735751295335,0.8333333333333334,0.05025125628140704,0.0,1.0,0,376,2,10,same_patient,4
0.7,0.45,2,1,388,0.48711340206185566,0.0,0.0,0.0,0.5026595744680851,0.4973404255319149,189,187,12,0,same_patient,4
0.7,0.45,2,2,388,0.4484536082474227,0.0,0.0,0.0,0.4627659574468085,0.5372340425531915,174,202,12,0,same_patient,4
0.7,0.45,2,3,388,0.4252577319587629,0.0,0.0,0.0,0.43882978723404253,0.5611702127659575,165,211,12,0,same_patient,4
0.7,0.45,2,4,388,0.22938144329896906,0.0,0.0,0.0,0.23670212765957446,0.7632978723404256,89,287,12,0,same_patient,4
0.7,0.45,2,5,388,0.05412371134020619,0.0,0.0,0.0,0.05585106382978723,0.9441489361702128,21,355,12,0,same_patient,4
0.7,0.45,3,1,388,0.5025773195876289,0.0,0.0,0.0,0.5186170212765957,0.48138297872340424,195,181,12,0,same_patient,4
0.7,0.45,3,2,388,0.45618556701030927,0.0,0.0,0.0,0.47074468085106386,0.5292553191489362,177,199,12,0,same_patient,4
0.7,0.45,3,3,388,0.4329896907216495,0.0,0.0,0.0,0.44680851063829785,0.5531914893617021,168,208,12,0,same_patient,4
0.7,0.45,3,4,388,0.23711340206185566,0.0,0.0,0.0,0.24468085106382978,0.7553191489361702,92,284,12,0,same_patient,4
0.7,0.45,3,5,388,0.061855670103092786,0.0,0.0,0.0,0.06382978723404255,0.9361702127659575,24,352,12,0,same_patient,4
0.7,0.45,4,1,388,0.5025773195876289,0.0,0.0,0.0,0.5186170212765957,0.48138297872340424,195,181,12,0,same_patient,4
0.7,0.45,4,2,388,0.45618556701030927,0.0,0.0,0.0,0.47074468085106386,0.5292553191489362,177,199,12,0,same_patient,4
0.7,0.45,4,3,388,0.4329896907216495,0.0,0.0,0.0,0.44680851063829785,0.5531914893617021,168,208,12,0,same_patient,4
0.7,0.45,4,4,388,0.23711340206185566,0.0,0.0,0.0,0.24468085106382978,0.7553191489361702,92,284,12,0,same_patient,4
0.7,0.45,4,5,388,0.061855670103092786,0.0,0.0,0.0,0.06382978723404255,0.9361702127659575,24,352,12,0,same_patient,4
0.7,0.5,1,1,388,0.44072164948453607,0.044444444444444446,0.8333333333333334,0.08438818565400844,0.42819148936170215,0.5718085106382979,161,215,2,10,same_patient,4
0.7,0.5,1,2,388,0.38144329896907214,0.04032258064516129,0.8333333333333334,0.07692307692307693,0.3670212765957447,0.6329787234042553,138,238,2,10,same_patient,4
0.7,0.5,1,3,388,0.36597938144329895,0.03937007874015748,0.8333333333333334,0.07518796992481203,0.35106382978723405,0.648936170212766,132,244,2,10,same_patient,4
0.7,0.5,1,4,388,0.3556701030927835,0.03875968992248062,0.8333333333333334,0.07407407407407407,0.3404255319148936,0.6595744680851063,128,248,2,10,same_patient,4
0.7,0.5,1,5,388,0.30927835051546393,0.036231884057971016,0.8333333333333334,0.06944444444444445,0.2925531914893617,0.7074468085106383,110,266,2,10,same_patient,4
0.7,0.5,2,1,388,0.5128865979381443,0.0,0.0,0.0,0.5292553191489362,0.47074468085106386,199,177,12,0,same_patient,4
0.7,0.5,2,2,388,0.4484536082474227,0.0,0.0,0.0,0.4627659574468085,0.5372340425531915,174,202,12,0,same_patient,4
0.7,0.5,2,3,388,0.4484536082474227,0.0,0.0,0.0,0.4627659574468085,0.5372340425531915,174,202,12,0,same_patient,4
0.7,0.5,2,4,388,0.4484536082474227,0.0,0.0,0.0,0.4627659574468085,0.5372340425531915,174,202,12,0,same_patient,4
0.7,0.5,2,5,388,0.37371134020618557,0.0,0.0,0.0,0.38563829787234044,0.6143617021276596,145,231,12,0,same_patient,4
0.7,0.5,3,1,388,0.5283505154639175,0.0,0.0,0.0,0.5452127659574468,0.45478723404255317,205,171,12,0,same_patient,4
0.7,0.5,3,2,388,0.45618556701030927,0.0,0.0,0.0,0.47074468085106386,0.5292553191489362,177,199,12,0,same_patient,4
0.7,0.5,3,3,388,0.45618556701030927,0.0,0.0,0.0,0.47074468085106386,0.5292553191489362,177,199,12,0,same_patient,4
0.7,0.5,3,4,388,0.45618556701030927,0.0,0.0,0.0,0.47074468085106386,0.5292553191489362,177,199,12,0,same_patient,4
0.7,0.5,3,5,388,0.38144329896907214,0.0,0.0,0.0,0.39361702127659576,0.6063829787234043,148,228,12,0,same_patient,4
0.7,0.5,4,1,388,0.6726804123711341,0.0,0.0,0.0,0.6941489361702128,0.3058510638297872,261,115,12,0,same_patient,4
0.7,0.5,4,2,388,0.45618556701030927,0.0,0.0,0.0,0.47074468085106386,0.5292553191489362,177,199,12,0,same_patient,4
0.7,0.5,4,3,388,0.45618556701030927,0.0,0.0,0.0,0.47074468085106386,0.5292553191489362,177,199,12,0,same_patient,4
0.7,0.5,4,4,388,0.45618556701030927,0.0,0.0,0.0,0.47074468085106386,0.5292553191489362,177,199,12,0,same_patient,4
0.7,0.5,4,5,388,0.38144329896907214,0.0,0.0,0.0,0.39361702127659576,0.6063829787234043,148,228,12,0,same_patient,4
0.7,0.55,1,1,388,0.48195876288659795,0.03902439024390244,0.6666666666666666,0.07373271889400922,0.47606382978723405,0.523936170212766,179,197,4,8,same_patient,4
0.7,0.55,1,2,388,0.4097938144329897,0.04219409282700422,0.8333333333333334,0.08032128514056225,0.3962765957446808,0.6037234042553191,149,227,2,10,same_patient,4
0.7,0.55,1,3,388,0.38144329896907214,0.04032258064516129,0.8333333333333334,0.07692307692307693,0.3670212765957447,0.6329787234042553,138,238,2,10,same_patient,4
0.7,0.55,1,4,388,0.38144329896907214,0.04032258064516129,0.8333333333333334,0.07692307692307693,0.3670212765957447,0.6329787234042553,138,238,2,10,same_patient,4
0.7,0.55,1,5,388,0.33505154639175255,0.03759398496240601,0.8333333333333334,0.07194244604316546,0.3191489361702128,0.6808510638297872,120,256,2,10,same_patient,4
0.7,0.55,2,1,388,0.5618556701030928,0.0,0.0,0.0,0.5797872340425532,0.42021276595744683,218,158,12,0,same_patient,4
0.7,0.55,2,2,388,0.4484536082474227,0.0,0.0,0.0,0.4627659574468085,0.5372340425531915,174,202,12,0,same_patient,4
0.7,0.55,2,3,388,0.4484536082474227,0.0,0.0,0.0,0.4627659574468085,0.5372340425531915,174,202,12,0,same_patient,4
0.7,0.55,2,4,388,0.4484536082474227,0.0,0.0,0.0,0.4627659574468085,0.5372340425531915,174,202,12,0,same_patient,4
0.7,0.55,2,5,388,0.3865979381443299,0.0,0.0,0.0,0.39893617021276595,0.601063829787234,150,226,12,0,same_patient,4
0.7,0.55,3,1,388,0.7139175257731959,0.0,0.0,0.0,0.7367021276595744,0.2632978723404255,277,99,12,0,same_patient,4
0.7,0.55,3,2,388,0.45618556701030927,0.0,0.0,0.0,0.47074468085106386,0.5292553191489362,177,199,12,0,same_patient,4
0.7,0.55,3,3,388,0.45618556701030927,0.0,0.0,0.0,0.47074468085106386,0.5292553191489362,177,199,12,0,same_patient,4
0.7,0.55,3,4,388,0.45618556701030927,0.0,0.0,0.0,0.47074468085106386,0.5292553191489362,177,199,12,0,same_patient,4
0.7,0.55,3,5,388,0.3943298969072165,0.0,0.0,0.0,0.40691489361702127,0.5930851063829787,153,223,12,0,same_patient,4
0.7,0.55,4,1,388,0.8865979381443299,0.0,0.0,0.0,0.9148936170212766,0.0851063829787234,344,32,12,0,same_patient,4
0.7,0.55,4,2,388,0.45618556701030927,0.0,0.0,0.0,0.47074468085106386,0.5292553191489362,177,199,12,0,same_patient,4
0.7,0.55,4,3,388,0.45618556701030927,0.0,0.0,0.0,0.47074468085106386,0.5292553191489362,177,199,12,0,same_patient,4
0.7,0.55,4,4,388,0.45618556701030927,0.0,0.0,0.0,0.47074468085106386,0.5292553191489362,177,199,12,0,same_patient,4
0.7,0.55,4,5,388,0.3943298969072165,0.0,0.0,0.0,0.40691489361702127,0.5930851063829787,153,223,12,0,same_patient,4
0.7,0.6,1,1,388,0.5721649484536082,0.03614457831325301,0.5,0.06741573033707865,0.574468085106383,0.425531914893617,216,160,6,6,same_patient,4
0.7,0.6,1,2,388,0.4381443298969072,0.036036036036036036,0.6666666666666666,0.06837606837606838,0.4308510638297872,0.5691489361702128,162,214,4,8,same_patient,4
0.7,0.6,1,3,388,0.41494845360824745,0.0425531914893617,0.8333333333333334,0.08097165991902834,0.4015957446808511,0.598404255319149,151,225,2,10,same_patient,4
0.7,0.6,1,4,388,0.4072164948453608,0.04201680672268908,0.8333333333333334,0.08,0.39361702127659576,0.6063829787234043,148,228,2,10,same_patient,4
0.7,0.6,1,5,388,0.4072164948453608,0.04201680672268908,0.8333333333333334,0.08,0.39361702127659576,0.6063829787234043,148,228,2,10,same_patient,4
0.7,0.6,2,1,388,0.7319587628865979,0.0,0.0,0.0,0.7553191489361702,0.24468085106382978,284,92,12,0,same_patient,4
0.7,0.6,2,2,388,0.4896907216494845,0.0,0.0,0.0,0.5053191489361702,0.4946808510638298,190,186,12,0,same_patient,4
0.7,0.6,2,3,388,0.47164948453608246,0.0,0.0,0.0,0.4867021276595745,0.5132978723404256,183,193,12,0,same_patient,4
0.7,0.6,2,4,388,0.4536082474226804,0.0,0.0,0.0,0.46808510638297873,0.5319148936170213,176,200,12,0,same_patient,4
0.7,0.6,2,5,388,0.4536082474226804,0.0,0.0,0.0,0.46808510638297873,0.5319148936170213,176,200,12,0,same_patient,4
0.7,0.6,3,1,388,0.8788659793814433,0.0,0.0,0.0,0.9069148936170213,0.09308510638297872,341,35,12,0,same_patient,4
0.7,0.6,3,2,388,0.5128865979381443,0.0,0.0,0.0,0.5292553191489362,0.47074468085106386,199,177,12,0,same_patient,4
0.7,0.6,3,3,388,0.4793814432989691,0.0,0.0,0.0,0.4946808510638298,0.5053191489361702,186,190,12,0,same_patient,4
0.7,0.6,3,4,388,0.46134020618556704,0.0,0.0,0.0,0.47606382978723405,0.523936170212766,179,197,12,0,same_patient,4
0.7,0.6,3,5,388,0.46134020618556704,0.0,0.0,0.0,0.47606382978723405,0.523936170212766,179,197,12,0,same_patient,4
0.7,0.6,4,1,388,0.9484536082474226,0.0,0.0,0.0,0.9787234042553191,0.02127659574468085,368,8,12,0,same_patient,4
0.7,0.6,4,2,388,0.9407216494845361,0.0,0.0,0.0,0.9707446808510638,0.02925531914893617,365,11,12,0,same_patient,4
0.7,0.6,4,3,388,0.6649484536082474,0.0,0.0,0.0,0.6861702127659575,0.31382978723404253,258,118,12,0,same_patient,4
0.7,0.6,4,4,388,0.46134020618556704,0.0,0.0,0.0,0.47606382978723405,0.523936170212766,179,197,12,0,same_patient,4
0.7,0.6,4,5,388,0.46134020618556704,0.0,0.0,0.0,0.47606382978723405,0.523936170212766,179,197,12,0,same_patient,4
0.7,0.65,1,1,388,0.6675257731958762,0.024390243902439025,0.25,0.044444444444444446,0.6808510638297872,0.3191489361702128,256,120,9,3,same_patient,4
0.7,0.65,1,2,388,0.5438144329896907,0.04419889502762431,0.6666666666666666,0.08290155440414508,0.5398936170212766,0.4601063829787234,203,173,4,8,same_patient,4
0.7,0.65,1,3,388,0.4845360824742268,0.0392156862745098,0.6666666666666666,0.07407407407407407,0.4787234042553192,0.5212765957446809,180,196,4,8,same_patient,4
0.7,0.65,1,4,388,0.42783505154639173,0.035398230088495575,0.6666666666666666,0.06722689075630252,0.42021276595744683,0.5797872340425532,158,218,4,8,same_patient,4
0.7,0.65,1,5,388,0.42783505154639173,0.035398230088495575,0.6666666666666666,0.06722689075630252,0.42021276595744683,0.5797872340425532,158,218,4,8,same_patient,4
0.7,0.65,2,1,388,0.7989690721649485,0.0,0.0,0.0,0.824468085106383,0.17553191489361702,310,66,12,0,same_patient,4
0.7,0.65,2,2,388,0.7190721649484536,0.0,0.0,0.0,0.7420212765957447,0.2579787234042553,279,97,12,0,same_patient,4
0.7,0.65,2,3,388,0.6469072164948454,0.0,0.0,0.0,0.6675531914893617,0.3324468085106383,251,125,12,0,same_patient,4
0.7,0.65,2,4,388,0.48711340206185566,0.0,0.0,0.0,0.5026595744680851,0.4973404255319149,189,187,12,0,same_patient,4
0.7,0.65,2,5,388,0.48711340206185566,0.0,0.0,0.0,0.5026595744680851,0.4973404255319149,189,187,12,0,same_patient,4
0.7,0.65,3,1,388,0.884020618556701,0.0,0.0,0.0,0.9122340425531915,0.08776595744680851,343,33,12,0,same_patient,4
0.7,0.65,3,2,388,0.8608247422680413,0.0,0.0,0.0,0.8882978723404256,0.11170212765957446,334,42,12,0,same_patient,4
0.7,0.65,3,3,388,0.6881443298969072,0.0,0.0,0.0,0.7101063829787234,0.2898936170212766,267,109,12,0,same_patient,4
0.7,0.65,3,4,388,0.5025773195876289,0.0,0.0,0.0,0.5186170212765957,0.48138297872340424,195,181,12,0,same_patient,4
0.7,0.65,3,5,388,0.5025773195876289,0.0,0.0,0.0,0.5186170212765957,0.48138297872340424,195,181,12,0,same_patient,4
0.7,0.65,4,1,388,0.9484536082474226,0.0,0.0,0.0,0.9787234042553191,0.02127659574468085,368,8,12,0,same_patient,4
0.7,0.65,4,2,388,0.9407216494845361,0.0,0.0,0.0,0.9707446808510638,0.02925531914893617,365,11,12,0,same_patient,4
0.7,0.65,4,3,388,0.7525773195876289,0.0,0.0,0.0,0.776595744680851,0.22340425531914893,292,84,12,0,same_patient,4
0.7,0.65,4,4,388,0.5025773195876289,0.0,0.0,0.0,0.5186170212765957,0.48138297872340424,195,181,12,0,same_patient,4
0.7,0.65,4,5,388,0.5025773195876289,0.0,0.0,0.0,0.5186170212765957,0.48138297872340424,195,181,12,0,same_patient,4
0.75,0.4,1,1,388,0.4484536082474227,0.0,0.0,0.0,0.4627659574468085,0.5372340425531915,174,202,12,0,same_patient,4
0.75,0.4,1,2,388,0.4381443298969072,0.0,0.0,0.0,0.4521276595744681,0.5478723404255319,170,206,12,0,same_patient,4
0.75,0.4,1,3,388,0.38402061855670105,0.0,0.0,0.0,0.3962765957446808,0.6037234042553191,149,227,12,0,same_patient,4
0.75,0.4,1,4,388,0.06958762886597938,0.0,0.0,0.0,0.07180851063829788,0.9281914893617021,27,349,12,0,same_patient,4
0.75,0.4,1,5,388,0.06958762886597938,0.0,0.0,0.0,0.07180851063829788,0.9281914893617021,27,349,12,0,same_patient,4
0.75,0.4,2,1,388,0.9690721649484536,0.0,0.0,0.0,1.0,0.0,376,0,12,0,same_patient,4
0.75,0.4,2,2,388,0.9690721649484536,0.0,0.0,0.0,1.0,0.0,376,0,12,0,same_patient,4
0.75,0.4,2,3,388,0.9690721649484536,0.0,0.0,0.0,1.0,0.0,376,0,12,0,same_patient,4
0.75,0.4,2,4,388,0.9690721649484536,0.0,0.0,0.0,1.0,0.0,376,0,12,0,same_patient,4
0.75,0.4,2,5,388,0.9690721649484536,0.0,0.0,0.0,1.0,0.0,376,0,12,0,same_patient,4
0.75,0.4,3,1,388,0.9690721649484536,0.0,0.0,0.0,1.0,0.0,376,0,12,0,same_patient,4
0.75,0.4,3,2,388,0.9690721649484536,0.0,0.0,0.0,1.0,0.0,376,0,12,0,same_patient,4
0.75,0.4,3,3,388,0.9690721649484536,0.0,0.0,0.0,1.0,0.0,376,0,12,0,same_patient,4
0.75,0.4,3,4,388,0.9690721649484536,0.0,0.0,0.0,1.0,0.0,376,0,12,0,same_patient,4
0.75,0.4,3,5,388,0.9690721649484536,0.0,0.0,0.0,1.0,0.0,376,0,12,0,same_patient,4
0.75,0.4,4,1,388,0.9690721649484536,0.0,0.0,0.0,1.0,0.0,376,0,12,0,same_patient,4
0.75,0.4,4,2,388,0.9690721649484536,0.0,0.0,0.0,1.0,0.0,376,0,12,0,same_patient,4
0.75,0.4,4,3,388,0.9690721649484536,0.0,0.0,0.0,1.0,0.0,376,0,12,0,same_patient,4
0.75,0.4,4,4,388,0.9690721649484536,0.0,0.0,0.0,1.0,0.0,376,0,12,0,same_patient,4
0.75,0.4,4,5,388,0.9690721649484536,0.0,0.0,0.0,1.0,0.0,376,0,12,0,same_patient,4
0.75,0.45,1,1,388,0.5283505154639175,0.0,0.0,0.0,0.5452127659574468,0.45478723404255317,205,171,12,0,same_patient,4
0.75,0.45,1,2,388,0.4639175257731959,0.0,0.0,0.0,0.4787234042553192,0.5212765957446809,180,196,12,0,same_patient,4
0.75,0.45,1,3,388,0.44072164948453607,0.0,0.0,0.0,0.45478723404255317,0.5452127659574468,171,205,12,0,same_patient,4
0.75,0.45,1,4,388,0.24484536082474226,0.0,0.0,0.0,0.2526595744680851,0.7473404255319149,95,281,12,0,same_patient,4
0.75,0.45,1,5,388,0.06958762886597938,0.0,0.0,0.0,0.07180851063829788,0.9281914893617021,27,349,12,0,same_patient,4
0.75,0.45,2,1,388,0.9690721649484536,0.0,0.0,0.0,1.0,0.0,376,0,12,0,same_patient,4
0.75,0.45,2,2,388,0.9690721649484536,0.0,0.0,0.0,1.0,0.0,376,0,12,0,same_patient,4
0.75,0.45,2,3,388,0.9690721649484536,0.0,0.0,0.0,1.0,0.0,376,0,12,0,same_patient,4
0.75,0.45,2,4,388,0.9690721649484536,0.0,0.0,0.0,1.0,0.0,376,0,12,0,same_patient,4
0.75,0.45,2,5,388,0.9690721649484536,0.0,0.0,0.0,1.0,0.0,376,0,12,0,same_patient,4
0.75,0.45,3,1,388,0.9690721649484536,0.0,0.0,0.0,1.0,0.0,376,0,12,0,same_patient,4
0.75,0.45,3,2,388,0.9690721649484536,0.0,0.0,0.0,1.0,0.0,376,0,12,0,same_patient,4
0.75,0.45,3,3,388,0.9690721649484536,0.0,0.0,0.0,1.0,0.0,376,0,12,0,same_patient,4
0.75,0.45,3,4,388,0.9690721649484536,0.0,0.0,0.0,1.0,0.0,376,0,12,0,same_patient,4
0.75,0.45,3,5,388,0.9690721649484536,0.0,0.0,0.0,1.0,0.0,376,0,12,0,same_patient,4
0.75,0.45,4,1,388,0.9690721649484536,0.0,0.0,0.0,1.0,0.0,376,0,12,0,same_patient,4
0.75,0.45,4,2,388,0.9690721649484536,0.0,0.0,0.0,1.0,0.0,376,0,12,0,same_patient,4
0.75,0.45,4,3,388,0.9690721649484536,0.0,0.0,0.0,1.0,0.0,376,0,12,0,same_patient,4
0.75,0.45,4,4,388,0.9690721649484536,0.0,0.0,0.0,1.0,0.0,376,0,12,0,same_patient,4
0.75,0.45,4,5,388,0.9690721649484536,0.0,0.0,0.0,1.0,0.0,376,0,12,0,same_patient,4
0.75,0.5,1,1,388,0.5438144329896907,0.0,0.0,0.0,0.5611702127659575,0.43882978723404253,211,165,12,0,same_patient,4
0.75,0.5,1,2,388,0.4639175257731959,0.0,0.0,0.0,0.4787234042553192,0.5212765957446809,180,196,12,0,same_patient,4
0.75,0.5,1,3,388,0.4639175257731959,0.0,0.0,0.0,0.4787234042553192,0.5212765957446809,180,196,12,0,same_patient,4
0.75,0.5,1,4,388,0.4639175257731959,0.0,0.0,0.0,0.4787234042553192,0.5212765957446809,180,196,12,0,same_patient,4
0.75,0.5,1,5,388,0.38917525773195877,0.0,0.0,0.0,0.4015957446808511,0.598404255319149,151,225,12,0,same_patient,4
0.75,0.5,2,1,388,0.9690721649484536,0.0,0.0,0.0,1.0,0.0,376,0,12,0,same_patient,4
0.75,0.5,2,2,388,0.9690721649484536,0.0,0.0,0.0,1.0,0.0,376,0,12,0,same_patient,4
0.75,0.5,2,3,388,0.9690721649484536,0.0,0.0,0.0,1.0,0.0,376,0,12,0,same_patient,4
0.75,0.5,2,4,388,0.9690721649484536,0.0,0.0,0.0,1.0,0.0,376,0,12,0,same_patient,4
0.75,0.5,2,5,388,0.9690721649484536,0.0,0.0,0.0,1.0,0.0,376,0,12,0,same_patient,4
0.75,0.5,3,1,388,0.9690721649484536,0.0,0.0,0.0,1.0,0.0,376,0,12,0,same_patient,4
0.75,0.5,3,2,388,0.9690721649484536,0.0,0.0,0.0,1.0,0.0,376,0,12,0,same_patient,4
0.75,0.5,3,3,388,0.9690721649484536,0.0,0.0,0.0,1.0,0.0,376,0,12,0,same_patient,4
0.75,0.5,3,4,388,0.9690721649484536,0.0,0.0,0.0,1.0,0.0,376,0,12,0,same_patient,4
0.75,0.5,3,5,388,0.9690721649484536,0.0,0.0,0.0,1.0,0.0,376,0,12,0,same_patient,4
0.75,0.5,4,1,388,0.9690721649484536,0.0,0.0,0.0,1.0,0.0,376,0,12,0,same_patient,4
0.75,0.5,4,2,388,0.9690721649484536,0.0,0.0,0.0,1.0,0.0,376,0,12,0,same_patient,4
0.75,0.5,4,3,388,0.9690721649484536,0.0,0.0,0.0,1.0,0.0,376,0,12,0,same_patient,4
0.75,0.5,4,4,388,0.9690721649484536,0.0,0.0,0.0,1.0,0.0,376,0,12,0,same_patient,4
0.75,0.5,4,5,388,0.9690721649484536,0.0,0.0,0.0,1.0,0.0,376,0,12,0,same_patient,4
0.75,0.55,1,1,388,0.6211340206185567,0.0,0.0,0.0,0.6409574468085106,0.35904255319148937,241,135,12,0,same_patient,4
0.75,0.55,1,2,388,0.4639175257731959,0.0,0.0,0.0,0.4787234042553192,0.5212765957446809,180,196,12,0,same_patient,4
0.75,0.55,1,3,388,0.4639175257731959,0.0,0.0,0.0,0.4787234042553192,0.5212765957446809,180,196,12,0,same_patient,4
0.75,0.55,1,4,388,0.4639175257731959,0.0,0.0,0.0,0.4787234042553192,0.5212765957446809,180,196,12,0,same_patient,4
0.75,0.55,1,5,388,0.4020618556701031,0.0,0.0,0.0,0.4148936170212766,0.5851063829787234,156,220,12,0,same_patient,4
0.75,0.55,2,1,388,0.9690721649484536,0.0,0.0,0.0,1.0,0.0,376,0,12,0,same_patient,4
0.75,0.55,2,2,388,0.9690721649484536,0.0,0.0,0.0,1.0,0.0,376,0,12,0,same_patient,4
0.75,0.55,2,3,388,0.9690721649484536,0.0,0.0,0.0,1.0,0.0,376,0,12,0,same_patient,4
0.75,0.55,2,4,388,0.9690721649484536,0.0,0.0,0.0,1.0,0.0,376,0,12,0,same_patient,4
0.75,0.55,2,5,388,0.9690721649484536,0.0,0.0,0.0,1.0,0.0,376,0,12,0,same_patient,4
0.75,0.55,3,1,388,0.9690721649484536,0.0,0.0,0.0,1.0,0.0,376,0,12,0,same_patient,4
0.75,0.55,3,2,388,0.9690721649484536,0.0,0.0,0.0,1.0,0.0,376,0,12,0,same_patient,4
0.75,0.55,3,3,388,0.9690721649484536,0.0,0.0,0.0,1.0,0.0,376,0,12,0,same_patient,4
0.75,0.55,3,4,388,0.9690721649484536,0.0,0.0,0.0,1.0,0.0,376,0,12,0,same_patient,4
0.75,0.55,3,5,388,0.9690721649484536,0.0,0.0,0.0,1.0,0.0,376,0,12,0,same_patient,4
0.75,0.55,4,1,388,0.9690721649484536,0.0,0.0,0.0,1.0,0.0,376,0,12,0,same_patient,4
0.75,0.55,4,2,388,0.9690721649484536,0.0,0.0,0.0,1.0,0.0,376,0,12,0,same_patient,4
0.75,0.55,4,3,388,0.9690721649484536,0.0,0.0,0.0,1.0,0.0,376,0,12,0,same_patient,4
0.75,0.55,4,4,388,0.9690721649484536,0.0,0.0,0.0,1.0,0.0,376,0,12,0,same_patient,4
0.75,0.55,4,5,388,0.9690721649484536,0.0,0.0,0.0,1.0,0.0,376,0,12,0,same_patient,4
0.75,0.6,1,1,388,0.7345360824742269,0.0,0.0,0.0,0.7579787234042553,0.24202127659574468,285,91,12,0,same_patient,4
0.75,0.6,1,2,388,0.5231958762886598,0.0,0.0,0.0,0.5398936170212766,0.4601063829787234,203,173,12,0,same_patient,4
0.75,0.6,1,3,388,0.47680412371134023,0.0,0.0,0.0,0.4920212765957447,0.5079787234042553,185,191,12,0,same_patient,4
0.75,0.6,1,4,388,0.4690721649484536,0.0,0.0,0.0,0.48404255319148937,0.5159574468085106,182,194,12,0,same_patient,4
0.75,0.6,1,5,388,0.4690721649484536,0.0,0.0,0.0,0.48404255319148937,0.5159574468085106,182,194,12,0,same_patient,4
0.75,0.6,2,1,388,0.9690721649484536,0.0,0.0,0.0,1.0,0.0,376,0,12,0,same_patient,4
0.75,0.6,2,2,388,0.9690721649484536,0.0,0.0,0.0,1.0,0.0,376,0,12,0,same_patient,4
0.75,0.6,2,3,388,0.9690721649484536,0.0,0.0,0.0,1.0,0.0,376,0,12,0,same_patient,4
0.75,0.6,2,4,388,0.9690721649484536,0.0,0.0,0.0,1.0,0.0,376,0,12,0,same_patient,4
0.75,0.6,2,5,388,0.9690721649484536,0.0,0.0,0.0,1.0,0.0,376,0,12,0,same_patient,4
0.75,0.6,3,1,388,0.9690721649484536,0.0,0.0,0.0,1.0,0.0,376,0,12,0,same_patient,4
0.75,0.6,3,2,388,0.9690721649484536,0.0,0.0,0.0,1.0,0.0,376,0,12,0,same_patient,4
0.75,0.6,3,3,388,0.9690721649484536,0.0,0.0,0.0,1.0,0.0,376,0,12,0,same_patient,4
0.75,0.6,3,4,388,0.9690721649484536,0.0,0.0,0.0,1.0,0.0,376,0,12,0,same_patient,4
0.75,0.6,3,5,388,0.9690721649484536,0.0,0.0,0.0,1.0,0.0,376,0,12,0,same_patient,4
0.75,0.6,4,1,388,0.9690721649484536,0.0,0.0,0.0,1.0,0.0,376,0,12,0,same_patient,4
0.75,0.6,4,2,388,0.9690721649484536,0.0,0.0,0.0,1.0,0.0,376,0,12,0,same_patient,4
0.75,0.6,4,3,388,0.9690721649484536,0.0,0.0,0.0,1.0,0.0,376,0,12,0,same_patient,4
0.75,0.6,4,4,388,0.9690721649484536,0.0,0.0,0.0,1.0,0.0,376,0,12,0,same_patient,4
0.75,0.6,4,5,388,0.9690721649484536,0.0,0.0,0.0,1.0,0.0,376,0,12,0,same_patient,4
0.75,0.65,1,1,388,0.8788659793814433,0.0,0.0,0.0,0.9069148936170213,0.09308510638297872,341,35,12,0,same_patient,4
0.75,0.65,1,2,388,0.7448453608247423,0.0,0.0,0.0,0.7686170212765957,0.23138297872340424,289,87,12,0,same_patient,4
0.75,0.65,1,3,388,0.654639175257732,0.0,0.0,0.0,0.675531914893617,0.324468085106383,254,122,12,0,same_patient,4
0.75,0.65,1,4,388,0.5283505154639175,0.0,0.0,0.0,0.5452127659574468,0.45478723404255317,205,171,12,0,same_patient,4
0.75,0.65,1,5,388,0.5283505154639175,0.0,0.0,0.0,0.5452127659574468,0.45478723404255317,205,171,12,0,same_patient,4
0.75,0.65,2,1,388,0.9690721649484536,0.0,0.0,0.0,1.0,0.0,376,0,12,0,same_patient,4
0.75,0.65,2,2,388,0.9690721649484536,0.0,0.0,0.0,1.0,0.0,376,0,12,0,same_patient,4
0.75,0.65,2,3,388,0.9690721649484536,0.0,0.0,0.0,1.0,0.0,376,0,12,0,same_patient,4
0.75,0.65,2,4,388,0.9690721649484536,0.0,0.0,0.0,1.0,0.0,376,0,12,0,same_patient,4
0.75,0.65,2,5,388,0.9690721649484536,0.0,0.0,0.0,1.0,0.0,376,0,12,0,same_patient,4
0.75,0.65,3,1,388,0.9690721649484536,0.0,0.0,0.0,1.0,0.0,376,0,12,0,same_patient,4
0.75,0.65,3,2,388,0.9690721649484536,0.0,0.0,0.0,1.0,0.0,376,0,12,0,same_patient,4
0.75,0.65,3,3,388,0.9690721649484536,0.0,0.0,0.0,1.0,0.0,376,0,12,0,same_patient,4
0.75,0.65,3,4,388,0.9690721649484536,0.0,0.0,0.0,1.0,0.0,376,0,12,0,same_patient,4
0.75,0.65,3,5,388,0.9690721649484536,0.0,0.0,0.0,1.0,0.0,376,0,12,0,same_patient,4
0.75,0.65,4,1,388,0.9690721649484536,0.0,0.0,0.0,1.0,0.0,376,0,12,0,same_patient,4
0.75,0.65,4,2,388,0.9690721649484536,0.0,0.0,0.0,1.0,0.0,376,0,12,0,same_patient,4
0.75,0.65,4,3,388,0.9690721649484536,0.0,0.0,0.0,1.0,0.0,376,0,12,0,same_patient,4
0.75,0.65,4,4,388,0.9690721649484536,0.0,0.0,0.0,1.0,0.0,376,0,12,0,same_patient,4
0.75,0.65,4,5,388,0.9690721649484536,0.0,0.0,0.0,1.0,0.0,376,0,12,0,same_patient,4
0.8,0.4,1,1,388,0.4639175257731959,0.0,0.0,0.0,0.4787234042553192,0.5212765957446809,180,196,12,0,same_patient,4
0.8,0.4,1,2,388,0.4536082474226804,0.0,0.0,0.0,0.46808510638297873,0.5319148936170213,176,200,12,0,same_patient,4
0.8,0.4,1,3,388,0.39948453608247425,0.0,0.0,0.0,0.4122340425531915,0.5877659574468085,155,221,12,0,same_patient,4
0.8,0.4,1,4,388,0.08505154639175258,0.0,0.0,0.0,0.08776595744680851,0.9122340425531915,33,343,12,0,same_patient,4
0.8,0.4,1,5,388,0.08505154639175258,0.0,0.0,0.0,0.08776595744680851,0.9122340425531915,33,343,12,0,same_patient,4
0.8,0.4,2,1,388,0.9690721649484536,0.0,0.0,0.0,1.0,0.0,376,0,12,0,same_patient,4
0.8,0.4,2,2,388,0.9690721649484536,0.0,0.0,0.0,1.0,0.0,376,0,12,0,same_patient,4
0.8,0.4,2,3,388,0.9690721649484536,0.0,0.0,0.0,1.0,0.0,376,0,12,0,same_patient,4
0.8,0.4,2,4,388,0.9690721649484536,0.0,0.0,0.0,1.0,0.0,376,0,12,0,same_patient,4
0.8,0.4,2,5,388,0.9690721649484536,0.0,0.0,0.0,1.0,0.0,376,0,12,0,same_patient,4
0.8,0.4,3,1,388,0.9690721649484536,0.0,0.0,0.0,1.0,0.0,376,0,12,0,same_patient,4
0.8,0.4,3,2,388,0.9690721649484536,0.0,0.0,0.0,1.0,0.0,376,0,12,0,same_patient,4
0.8,0.4,3,3,388,0.9690721649484536,0.0,0.0,0.0,1.0,0.0,376,0,12,0,same_patient,4
0.8,0.4,3,4,388,0.9690721649484536,0.0,0.0,0.0,1.0,0.0,376,0,12,0,same_patient,4
0.8,0.4,3,5,388,0.9690721649484536,0.0,0.0,0.0,1.0,0.0,376,0,12,0,same_patient,4
0.8,0.4,4,1,388,0.9690721649484536,0.0,0.0,0.0,1.0,0.0,376,0,12,0,same_patient,4
0.8,0.4,4,2,388,0.9690721649484536,0.0,0.0,0.0,1.0,0.0,376,0,12,0,same_patient,4
0.8,0.4,4,3,388,0.9690721649484536,0.0,0.0,0.0,1.0,0.0,376,0,12,0,same_patient,4
0.8,0.4,4,4,388,0.9690721649484536,0.0,0.0,0.0,1.0,0.0,376,0,12,0,same_patient,4
0.8,0.4,4,5,388,0.9690721649484536,0.0,0.0,0.0,1.0,0.0,376,0,12,0,same_patient,4
0.8,0.45,1,1,388,0.5438144329896907,0.0,0.0,0.0,0.5611702127659575,0.43882978723404253,211,165,12,0,same_patient,4
0.8,0.45,1,2,388,0.4793814432989691,0.0,0.0,0.0,0.4946808510638298,0.5053191489361702,186,190,12,0,same_patient,4
0.8,0.45,1,3,388,0.45618556701030927,0.0,0.0,0.0,0.47074468085106386,0.5292553191489362,177,199,12,0,same_patient,4
0.8,0.45,1,4,388,0.2603092783505155,0.0,0.0,0.0,0.26861702127659576,0.7313829787234043,101,275,12,0,same_patient,4
0.8,0.45,1,5,388,0.08505154639175258,0.0,0.0,0.0,0.08776595744680851,0.9122340425531915,33,343,12,0,same_patient,4
0.8,0.45,2,1,388,0.9690721649484536,0.0,0.0,0.0,1.0,0.0,376,0,12,0,same_patient,4
0.8,0.45,2,2,388,0.9690721649484536,0.0,0.0,0.0,1.0,0.0,376,0,12,0,same_patient,4
0.8,0.45,2,3,388,0.9690721649484536,0.0,0.0,0.0,1.0,0.0,376,0,12,0,same_patient,4
0.8,0.45,2,4,388,0.9690721649484536,0.0,0.0,0.0,1.0,0.0,376,0,12,0,same_patient,4
0.8,0.45,2,5,388,0.9690721649484536,0.0,0.0,0.0,1.0,0.0,376,0,12,0,same_patient,4
0.8,0.45,3,1,388,0.9690721649484536,0.0,0.0,0.0,1.0,0.0,376,0,12,0,same_patient,4
0.8,0.45,3,2,388,0.9690721649484536,0.0,0.0,0.0,1.0,0.0,376,0,12,0,same_patient,4
0.8,0.45,3,3,388,0.9690721649484536,0.0,0.0,0.0,1.0,0.0,376,0,12,0,same_patient,4
0.8,0.45,3,4,388,0.9690721649484536,0.0,0.0,0.0,1.0,0.0,376,0,12,0,same_patient,4
0.8,0.45,3,5,388,0.9690721649484536,0.0,0.0,0.0,1.0,0.0,376,0,12,0,same_patient,4
0.8,0.45,4,1,388,0.9690721649484536,0.0,0.0,0.0,1.0,0.0,376,0,12,0,same_patient,4
0.8,0.45,4,2,388,0.9690721649484536,0.0,0.0,0.0,1.0,0.0,376,0,12,0,same_patient,4
0.8,0.45,4,3,388,0.9690721649484536,0.0,0.0,0.0,1.0,0.0,376,0,12,0,same_patient,4
0.8,0.45,4,4,388,0.9690721649484536,0.0,0.0,0.0,1.0,0.0,376,0,12,0,same_patient,4
0.8,0.45,4,5,388,0.9690721649484536,0.0,0.0,0.0,1.0,0.0,376,0,12,0,same_patient,4
0.8,0.5,1,1,388,0.6726804123711341,0.0,0.0,0.0,0.6941489361702128,0.3058510638297872,261,115,12,0,same_patient,4
0.8,0.5,1,2,388,0.4793814432989691,0.0,0.0,0.0,0.4946808510638298,0.5053191489361702,186,190,12,0,same_patient,4
0.8,0.5,1,3,388,0.4793814432989691,0.0,0.0,0.0,0.4946808510638298,0.5053191489361702,186,190,12,0,same_patient,4
0.8,0.5,1,4,388,0.4793814432989691,0.0,0.0,0.0,0.4946808510638298,0.5053191489361702,186,190,12,0,same_patient,4
0.8,0.5,1,5,388,0.40463917525773196,0.0,0.0,0.0,0.4175531914893617,0.5824468085106383,157,219,12,0,same_patient,4
0.8,0.5,2,1,388,0.9690721649484536,0.0,0.0,0.0,1.0,0.0,376,0,12,0,same_patient,4
0.8,0.5,2,2,388,0.9690721649484536,0.0,0.0,0.0,1.0,0.0,376,0,12,0,same_patient,4
0.8,0.5,2,3,388,0.9690721649484536,0.0,0.0,0.0,1.0,0.0,376,0,12,0,same_patient,4
0.8,0.5,2,4,388,0.9690721649484536,0.0,0.0,0.0,1.0,0.0,376,0,12,0,same_patient,4
0.8,0.5,2,5,388,0.9690721649484536,0.0,0.0,0.0,1.0,0.0,376,0,12,0,same_patient,4
0.8,0.5,3,1,388,0.9690721649484536,0.0,0.0,0.0,1.0,0.0,376,0,12,0,same_patient,4
0.8,0.5,3,2,388,0.9690721649484536,0.0,0.0,0.0,1.0,0.0,376,0,12,0,same_patient,4
0.8,0.5,3,3,388,0.9690721649484536,0.0,0.0,0.0,1.0,0.0,376,0,12,0,same_patient,4
0.8,0.5,3,4,388,0.9690721649484536,0.0,0.0,0.0,1.0,0.0,376,0,12,0,same_patient,4
0.8,0.5,3,5,388,0.9690721649484536,0.0,0.0,0.0,1.0,0.0,376,0,12,0,same_patient,4
0.8,0.5,4,1,388,0.9690721649484536,0.0,0.0,0.0,1.0,0.0,376,0,12,0,same_patient,4
0.8,0.5,4,2,388,0.9690721649484536,0.0,0.0,0.0,1.0,0.0,376,0,12,0,same_patient,4
0.8,0.5,4,3,388,0.9690721649484536,0.0,0.0,0.0,1.0,0.0,376,0,12,0,same_patient,4
0.8,0.5,4,4,388,0.9690721649484536,0.0,0.0,0.0,1.0,0.0,376,0,12,0,same_patient,4
0.8,0.5,4,5,388,0.9690721649484536,0.0,0.0,0.0,1.0,0.0,376,0,12,0,same_patient,4
0.8,0.55,1,1,388,0.75,0.0,0.0,0.0,0.773936170212766,0.22606382978723405,291,85,12,0,same_patient,4
0.8,0.55,1,2,388,0.4793814432989691,0.0,0.0,0.0,0.4946808510638298,0.5053191489361702,186,190,12,0,same_patient,4
0.8,0.55,1,3,388,0.4793814432989691,0.0,0.0,0.0,0.4946808510638298,0.5053191489361702,186,190,12,0,same_patient,4
0.8,0.55,1,4,388,0.4793814432989691,0.0,0.0,0.0,0.4946808510638298,0.5053191489361702,186,190,12,0,same_patient,4
0.8,0.55,1,5,388,0.4175257731958763,0.0,0.0,0.0,0.4308510638297872,0.5691489361702128,162,214,12,0,same_patient,4
0.8,0.55,2,1,388,0.9690721649484536,0.0,0.0,0.0,1.0,0.0,376,0,12,0,same_patient,4
0.8,0.55,2,2,388,0.9690721649484536,0.0,0.0,0.0,1.0,0.0,376,0,12,0,same_patient,4
0.8,0.55,2,3,388,0.9690721649484536,0.0,0.0,0.0,1.0,0.0,376,0,12,0,same_patient,4
0.8,0.55,2,4,388,0.9690721649484536,0.0,0.0,0.0,1.0,0.0,376,0,12,0,same_patient,4
0.8,0.55,2,5,388,0.9690721649484536,0.0,0.0,0.0,1.0,0.0,376,0,12,0,same_patient,4
0.8,0.55,3,1,388,0.9690721649484536,0.0,0.0,0.0,1.0,0.0,376,0,12,0,same_patient,4
0.8,0.55,3,2,388,0.9690721649484536,0.0,0.0,0.0,1.0,0.0,376,0,12,0,same_patient,4
0.8,0.55,3,3,388,0.9690721649484536,0.0,0.0,0.0,1.0,0.0,376,0,12,0,same_patient,4
0.8,0.55,3,4,388,0.9690721649484536,0.0,0.0,0.0,1.0,0.0,376,0,12,0,same_patient,4
0.8,0.55,3,5,388,0.9690721649484536,0.0,0.0,0.0,1.0,0.0,376,0,12,0,same_patient,4
0.8,0.55,4,1,388,0.9690721649484536,0.0,0.0,0.0,1.0,0.0,376,0,12,0,same_patient,4
0.8,0.55,4,2,388,0.9690721649484536,0.0,0.0,0.0,1.0,0.0,376,0,12,0,same_patient,4
0.8,0.55,4,3,388,0.9690721649484536,0.0,0.0,0.0,1.0,0.0,376,0,12,0,same_patient,4
0.8,0.55,4,4,388,0.9690721649484536,0.0,0.0,0.0,1.0,0.0,376,0,12,0,same_patient,4
0.8,0.55,4,5,388,0.9690721649484536,0.0,0.0,0.0,1.0,0.0,376,0,12,0,same_patient,4
0.8,0.6,1,1,388,0.884020618556701,0.0,0.0,0.0,0.9122340425531915,0.08776595744680851,343,33,12,0,same_patient,4
0.8,0.6,1,2,388,0.6391752577319587,0.0,0.0,0.0,0.6595744680851063,0.3404255319148936,248,128,12,0,same_patient,4
0.8,0.6,1,3,388,0.6056701030927835,0.0,0.0,0.0,0.625,0.375,235,141,12,0,same_patient,4
0.8,0.6,1,4,388,0.4845360824742268,0.0,0.0,0.0,0.5,0.5,188,188,12,0,same_patient,4
0.8,0.6,1,5,388,0.4845360824742268,0.0,0.0,0.0,0.5,0.5,188,188,12,0,same_patient,4
0.8,0.6,2,1,388,0.9690721649484536,0.0,0.0,0.0,1.0,0.0,376,0,12,0,same_patient,4
0.8,0.6,2,2,388,0.9690721649484536,0.0,0.0,0.0,1.0,0.0,376,0,12,0,same_patient,4
0.8,0.6,2,3,388,0.9690721649484536,0.0,0.0,0.0,1.0,0.0,376,0,12,0,same_patient,4
0.8,0.6,2,4,388,0.9690721649484536,0.0,0.0,0.0,1.0,0.0,376,0,12,0,same_patient,4
0.8,0.6,2,5,388,0.9690721649484536,0.0,0.0,0.0,1.0,0.0,376,0,12,0,same_patient,4
0.8,0.6,3,1,388,0.9690721649484536,0.0,0.0,0.0,1.0,0.0,376,0,12,0,same_patient,4
0.8,0.6,3,2,388,0.9690721649484536,0.0,0.0,0.0,1.0,0.0,376,0,12,0,same_patient,4
0.8,0.6,3,3,388,0.9690721649484536,0.0,0.0,0.0,1.0,0.0,376,0,12,0,same_patient,4
0.8,0.6,3,4,388,0.9690721649484536,0.0,0.0,0.0,1.0,0.0,376,0,12,0,same_patient,4
0.8,0.6,3,5,388,0.9690721649484536,0.0,0.0,0.0,1.0,0.0,376,0,12,0,same_patient,4
0.8,0.6,4,1,388,0.9690721649484536,0.0,0.0,0.0,1.0,0.0,376,0,12,0,same_patient,4
0.8,0.6,4,2,388,0.9690721649484536,0.0,0.0,0.0,1.0,0.0,376,0,12,0,same_patient,4
0.8,0.6,4,3,388,0.9690721649484536,0.0,0.0,0.0,1.0,0.0,376,0,12,0,same_patient,4
0.8,0.6,4,4,388,0.9690721649484536,0.0,0.0,0.0,1.0,0.0,376,0,12,0,same_patient,4
0.8,0.6,4,5,388,0.9690721649484536,0.0,0.0,0.0,1.0,0.0,376,0,12,0,same_patient,4
0.8,0.65,1,1,388,0.961340206185567,0.0,0.0,0.0,0.9920212765957447,0.007978723404255319,373,3,12,0,same_patient,4
0.8,0.65,1,2,388,0.8479381443298969,0.0,0.0,0.0,0.875,0.125,329,47,12,0,same_patient,4
0.8,0.65,1,3,388,0.7525773195876289,0.0,0.0,0.0,0.776595744680851,0.22340425531914893,292,84,12,0,same_patient,4
0.8,0.65,1,4,388,0.5438144329896907,0.0,0.0,0.0,0.5611702127659575,0.43882978723404253,211,165,12,0,same_patient,4
0.8,0.65,1,5,388,0.5438144329896907,0.0,0.0,0.0,0.5611702127659575,0.43882978723404253,211,165,12,0,same_patient,4
0.8,0.65,2,1,388,0.9690721649484536,0.0,0.0,0.0,1.0,0.0,376,0,12,0,same_patient,4
0.8,0.65,2,2,388,0.9690721649484536,0.0,0.0,0.0,1.0,0.0,376,0,12,0,same_patient,4
0.8,0.65,2,3,388,0.9690721649484536,0.0,0.0,0.0,1.0,0.0,376,0,12,0,same_patient,4
0.8,0.65,2,4,388,0.9690721649484536,0.0,0.0,0.0,1.0,0.0,376,0,12,0,same_patient,4
0.8,0.65,2,5,388,0.9690721649484536,0.0,0.0,0.0,1.0,0.0,376,0,12,0,same_patient,4
0.8,0.65,3,1,388,0.9690721649484536,0.0,0.0,0.0,1.0,0.0,376,0,12,0,same_patient,4
0.8,0.65,3,2,388,0.9690721649484536,0.0,0.0,0.0,1.0,0.0,376,0,12,0,same_patient,4
0.8,0.65,3,3,388,0.9690721649484536,0.0,0.0,0.0,1.0,0.0,376,0,12,0,same_patient,4
0.8,0.65,3,4,388,0.9690721649484536,0.0,0.0,0.0,1.0,0.0,376,0,12,0,same_patient,4
0.8,0.65,3,5,388,0.9690721649484536,0.0,0.0,0.0,1.0,0.0,376,0,12,0,same_patient,4
0.8,0.65,4,1,388,0.9690721649484536,0.0,0.0,0.0,1.0,0.0,376,0,12,0,same_patient,4
0.8,0.65,4,2,388,0.9690721649484536,0.0,0.0,0.0,1.0,0.0,376,0,12,0,same_patient,4
0.8,0.65,4,3,388,0.9690721649484536,0.0,0.0,0.0,1.0,0.0,376,0,12,0,same_patient,4
0.8,0.65,4,4,388,0.9690721649484536,0.0,0.0,0.0,1.0,0.0,376,0,12,0,same_patient,4
0.8,0.65,4,5,388,0.9690721649484536,0.0,0.0,0.0,1.0,0.0,376,0,12,0,same_patient,4
0.85,0.4,1,1,388,0.9690721649484536,0.0,0.0,0.0,1.0,0.0,376,0,12,0,same_patient,4
0.85,0.4,1,2,388,0.9690721649484536,0.0,0.0,0.0,1.0,0.0,376,0,12,0,same_patient,4
0.85,0.4,1,3,388,0.9690721649484536,0.0,0.0,0.0,1.0,0.0,376,0,12,0,same_patient,4
0.85,0.4,1,4,388,0.9690721649484536,0.0,0.0,0.0,1.0,0.0,376,0,12,0,same_patient,4
0.85,0.4,1,5,388,0.9690721649484536,0.0,0.0,0.0,1.0,0.0,376,0,12,0,same_patient,4
0.85,0.4,2,1,388,0.9690721649484536,0.0,0.0,0.0,1.0,0.0,376,0,12,0,same_patient,4
0.85,0.4,2,2,388,0.9690721649484536,0.0,0.0,0.0,1.0,0.0,376,0,12,0,same_patient,4
0.85,0.4,2,3,388,0.9690721649484536,0.0,0.0,0.0,1.0,0.0,376,0,12,0,same_patient,4
0.85,0.4,2,4,388,0.9690721649484536,0.0,0.0,0.0,1.0,0.0,376,0,12,0,same_patient,4
0.85,0.4,2,5,388,0.9690721649484536,0.0,0.0,0.0,1.0,0.0,376,0,12,0,same_patient,4
0.85,0.4,3,1,388,0.9690721649484536,0.0,0.0,0.0,1.0,0.0,376,0,12,0,same_patient,4
0.85,0.4,3,2,388,0.9690721649484536,0.0,0.0,0.0,1.0,0.0,376,0,12,0,same_patient,4
0.85,0.4,3,3,388,0.9690721649484536,0.0,0.0,0.0,1.0,0.0,376,0,12,0,same_patient,4
0.85,0.4,3,4,388,0.9690721649484536,0.0,0.0,0.0,1.0,0.0,376,0,12,0,same_patient,4
0.85,0.4,3,5,388,0.9690721649484536,0.0,0.0,0.0,1.0,0.0,376,0,12,0,same_patient,4
0.85,0.4,4,1,388,0.9690721649484536,0.0,0.0,0.0,1.0,0.0,376,0,12,0,same_patient,4
0.85,0.4,4,2,388,0.9690721649484536,0.0,0.0,0.0,1.0,0.0,376,0,12,0,same_patient,4
0.85,0.4,4,3,388,0.9690721649484536,0.0,0.0,0.0,1.0,0.0,376,0,12,0,same_patient,4
0.85,0.4,4,4,388,0.9690721649484536,0.0,0.0,0.0,1.0,0.0,376,0,12,0,same_patient,4
0.85,0.4,4,5,388,0.9690721649484536,0.0,0.0,0.0,1.0,0.0,376,0,12,0,same_patient,4
0.85,0.45,1,1,388,0.9690721649484536,0.0,0.0,0.0,1.0,0.0,376,0,12,0,same_patient,4
0.85,0.45,1,2,388,0.9690721649484536,0.0,0.0,0.0,1.0,0.0,376,0,12,0,same_patient,4
0.85,0.45,1,3,388,0.9690721649484536,0.0,0.0,0.0,1.0,0.0,376,0,12,0,same_patient,4
0.85,0.45,1,4,388,0.9690721649484536,0.0,0.0,0.0,1.0,0.0,376,0,12,0,same_patient,4
0.85,0.45,1,5,388,0.9690721649484536,0.0,0.0,0.0,1.0,0.0,376,0,12,0,same_patient,4
0.85,0.45,2,1,388,0.9690721649484536,0.0,0.0,0.0,1.0,0.0,376,0,12,0,same_patient,4
0.85,0.45,2,2,388,0.9690721649484536,0.0,0.0,0.0,1.0,0.0,376,0,12,0,same_patient,4
0.85,0.45,2,3,388,0.9690721649484536,0.0,0.0,0.0,1.0,0.0,376,0,12,0,same_patient,4
0.85,0.45,2,4,388,0.9690721649484536,0.0,0.0,0.0,1.0,0.0,376,0,12,0,same_patient,4
0.85,0.45,2,5,388,0.9690721649484536,0.0,0.0,0.0,1.0,0.0,376,0,12,0,same_patient,4
0.85,0.45,3,1,388,0.9690721649484536,0.0,0.0,0.0,1.0,0.0,376,0,12,0,same_patient,4
0.85,0.45,3,2,388,0.9690721649484536,0.0,0.0,0.0,1.0,0.0,376,0,12,0,same_patient,4
0.85,0.45,3,3,388,0.9690721649484536,0.0,0.0,0.0,1.0,0.0,376,0,12,0,same_patient,4
0.85,0.45,3,4,388,0.9690721649484536,0.0,0.0,0.0,1.0,0.0,376,0,12,0,same_patient,4
0.85,0.45,3,5,388,0.9690721649484536,0.0,0.0,0.0,1.0,0.0,376,0,12,0,same_patient,4
0.85,0.45,4,1,388,0.9690721649484536,0.0,0.0,0.0,1.0,0.0,376,0,12,0,same_patient,4
0.85,0.45,4,2,388,0.9690721649484536,0.0,0.0,0.0,1.0,0.0,376,0,12,0,same_patient,4
0.85,0.45,4,3,388,0.9690721649484536,0.0,0.0,0.0,1.0,0.0,376,0,12,0,same_patient,4
0.85,0.45,4,4,388,0.9690721649484536,0.0,0.0,0.0,1.0,0.0,376,0,12,0,same_patient,4
0.85,0.45,4,5,388,0.9690721649484536,0.0,0.0,0.0,1.0,0.0,376,0,12,0,same_patient,4
0.85,0.5,1,1,388,0.9690721649484536,0.0,0.0,0.0,1.0,0.0,376,0,12,0,same_patient,4
0.85,0.5,1,2,388,0.9690721649484536,0.0,0.0,0.0,1.0,0.0,376,0,12,0,same_patient,4
0.85,0.5,1,3,388,0.9690721649484536,0.0,0.0,0.0,1.0,0.0,376,0,12,0,same_patient,4
0.85,0.5,1,4,388,0.9690721649484536,0.0,0.0,0.0,1.0,0.0,376,0,12,0,same_patient,4
0.85,0.5,1,5,388,0.9690721649484536,0.0,0.0,0.0,1.0,0.0,376,0,12,0,same_patient,4
0.85,0.5,2,1,388,0.9690721649484536,0.0,0.0,0.0,1.0,0.0,376,0,12,0,same_patient,4
0.85,0.5,2,2,388,0.9690721649484536,0.0,0.0,0.0,1.0,0.0,376,0,12,0,same_patient,4
0.85,0.5,2,3,388,0.9690721649484536,0.0,0.0,0.0,1.0,0.0,376,0,12,0,same_patient,4
0.85,0.5,2,4,388,0.9690721649484536,0.0,0.0,0.0,1.0,0.0,376,0,12,0,same_patient,4
0.85,0.5,2,5,388,0.9690721649484536,0.0,0.0,0.0,1.0,0.0,376,0,12,0,same_patient,4
0.85,0.5,3,1,388,0.9690721649484536,0.0,0.0,0.0,1.0,0.0,376,0,12,0,same_patient,4
0.85,0.5,3,2,388,0.9690721649484536,0.0,0.0,0.0,1.0,0.0,376,0,12,0,same_patient,4
0.85,0.5,3,3,388,0.9690721649484536,0.0,0.0,0.0,1.0,0.0,376,0,12,0,same_patient,4
0.85,0.5,3,4,388,0.9690721649484536,0.0,0.0,0.0,1.0,0.0,376,0,12,0,same_patient,4
0.85,0.5,3,5,388,0.9690721649484536,0.0,0.0,0.0,1.0,0.0,376,0,12,0,same_patient,4
0.85,0.5,4,1,388,0.9690721649484536,0.0,0.0,0.0,1.0,0.0,376,0,12,0,same_patient,4
0.85,0.5,4,2,388,0.9690721649484536,0.0,0.0,0.0,1.0,0.0,376,0,12,0,same_patient,4
0.85,0.5,4,3,388,0.9690721649484536,0.0,0.0,0.0,1.0,0.0,376,0,12,0,same_patient,4
0.85,0.5,4,4,388,0.9690721649484536,0.0,0.0,0.0,1.0,0.0,376,0,12,0,same_patient,4
0.85,0.5,4,5,388,0.9690721649484536,0.0,0.0,0.0,1.0,0.0,376,0,12,0,same_patient,4
0.85,0.55,1,1,388,0.9690721649484536,0.0,0.0,0.0,1.0,0.0,376,0,12,0,same_patient,4
0.85,0.55,1,2,388,0.9690721649484536,0.0,0.0,0.0,1.0,0.0,376,0,12,0,same_patient,4
0.85,0.55,1,3,388,0.9690721649484536,0.0,0.0,0.0,1.0,0.0,376,0,12,0,same_patient,4
0.85,0.55,1,4,388,0.9690721649484536,0.0,0.0,0.0,1.0,0.0,376,0,12,0,same_patient,4
0.85,0.55,1,5,388,0.9690721649484536,0.0,0.0,0.0,1.0,0.0,376,0,12,0,same_patient,4
0.85,0.55,2,1,388,0.9690721649484536,0.0,0.0,0.0,1.0,0.0,376,0,12,0,same_patient,4
0.85,0.55,2,2,388,0.9690721649484536,0.0,0.0,0.0,1.0,0.0,376,0,12,0,same_patient,4
0.85,0.55,2,3,388,0.9690721649484536,0.0,0.0,0.0,1.0,0.0,376,0,12,0,same_patient,4
0.85,0.55,2,4,388,0.9690721649484536,0.0,0.0,0.0,1.0,0.0,376,0,12,0,same_patient,4
0.85,0.55,2,5,388,0.9690721649484536,0.0,0.0,0.0,1.0,0.0,376,0,12,0,same_patient,4
0.85,0.55,3,1,388,0.9690721649484536,0.0,0.0,0.0,1.0,0.0,376,0,12,0,same_patient,4
0.85,0.55,3,2,388,0.9690721649484536,0.0,0.0,0.0,1.0,0.0,376,0,12,0,same_patient,4
0.85,0.55,3,3,388,0.9690721649484536,0.0,0.0,0.0,1.0,0.0,376,0,12,0,same_patient,4
0.85,0.55,3,4,388,0.9690721649484536,0.0,0.0,0.0,1.0,0.0,376,0,12,0,same_patient,4
0.85,0.55,3,5,388,0.9690721649484536,0.0,0.0,0.0,1.0,0.0,376,0,12,0,same_patient,4
0.85,0.55,4,1,388,0.9690721649484536,0.0,0.0,0.0,1.0,0.0,376,0,12,0,same_patient,4
0.85,0.55,4,2,388,0.9690721649484536,0.0,0.0,0.0,1.0,0.0,376,0,12,0,same_patient,4
0.85,0.55,4,3,388,0.9690721649484536,0.0,0.0,0.0,1.0,0.0,376,0,12,0,same_patient,4
0.85,0.55,4,4,388,0.9690721649484536,0.0,0.0,0.0,1.0,0.0,376,0,12,0,same_patient,4
0.85,0.55,4,5,388,0.9690721649484536,0.0,0.0,0.0,1.0,0.0,376,0,12,0,same_patient,4
0.85,0.6,1,1,388,0.9690721649484536,0.0,0.0,0.0,1.0,0.0,376,0,12,0,same_patient,4
0.85,0.6,1,2,388,0.9690721649484536,0.0,0.0,0.0,1.0,0.0,376,0,12,0,same_patient,4
0.85,0.6,1,3,388,0.9690721649484536,0.0,0.0,0.0,1.0,0.0,376,0,12,0,same_patient,4
0.85,0.6,1,4,388,0.9690721649484536,0.0,0.0,0.0,1.0,0.0,376,0,12,0,same_patient,4
0.85,0.6,1,5,388,0.9690721649484536,0.0,0.0,0.0,1.0,0.0,376,0,12,0,same_patient,4
0.85,0.6,2,1,388,0.9690721649484536,0.0,0.0,0.0,1.0,0.0,376,0,12,0,same_patient,4
0.85,0.6,2,2,388,0.9690721649484536,0.0,0.0,0.0,1.0,0.0,376,0,12,0,same_patient,4
0.85,0.6,2,3,388,0.9690721649484536,0.0,0.0,0.0,1.0,0.0,376,0,12,0,same_patient,4
0.85,0.6,2,4,388,0.9690721649484536,0.0,0.0,0.0,1.0,0.0,376,0,12,0,same_patient,4
0.85,0.6,2,5,388,0.9690721649484536,0.0,0.0,0.0,1.0,0.0,376,0,12,0,same_patient,4
0.85,0.6,3,1,388,0.9690721649484536,0.0,0.0,0.0,1.0,0.0,376,0,12,0,same_patient,4
0.85,0.6,3,2,388,0.9690721649484536,0.0,0.0,0.0,1.0,0.0,376,0,12,0,same_patient,4
0.85,0.6,3,3,388,0.9690721649484536,0.0,0.0,0.0,1.0,0.0,376,0,12,0,same_patient,4
0.85,0.6,3,4,388,0.9690721649484536,0.0,0.0,0.0,1.0,0.0,376,0,12,0,same_patient,4
0.85,0.6,3,5,388,0.9690721649484536,0.0,0.0,0.0,1.0,0.0,376,0,12,0,same_patient,4
0.85,0.6,4,1,388,0.9690721649484536,0.0,0.0,0.0,1.0,0.0,376,0,12,0,same_patient,4
0.85,0.6,4,2,388,0.9690721649484536,0.0,0.0,0.0,1.0,0.0,376,0,12,0,same_patient,4
0.85,0.6,4,3,388,0.9690721649484536,0.0,0.0,0.0,1.0,0.0,376,0,12,0,same_patient,4
0.85,0.6,4,4,388,0.9690721649484536,0.0,0.0,0.0,1.0,0.0,376,0,12,0,same_patient,4
0.85,0.6,4,5,388,0.9690721649484536,0.0,0.0,0.0,1.0,0.0,376,0,12,0,same_patient,4
0.85,0.65,1,1,388,0.9690721649484536,0.0,0.0,0.0,1.0,0.0,376,0,12,0,same_patient,4
0.85,0.65,1,2,388,0.9690721649484536,0.0,0.0,0.0,1.0,0.0,376,0,12,0,same_patient,4
0.85,0.65,1,3,388,0.9690721649484536,0.0,0.0,0.0,1.0,0.0,376,0,12,0,same_patient,4
0.85,0.65,1,4,388,0.9690721649484536,0.0,0.0,0.0,1.0,0.0,376,0,12,0,same_patient,4
0.85,0.65,1,5,388,0.9690721649484536,0.0,0.0,0.0,1.0,0.0,376,0,12,0,same_patient,4
0.85,0.65,2,1,388,0.9690721649484536,0.0,0.0,0.0,1.0,0.0,376,0,12,0,same_patient,4
0.85,0.65,2,2,388,0.9690721649484536,0.0,0.0,0.0,1.0,0.0,376,0,12,0,same_patient,4
0.85,0.65,2,3,388,0.9690721649484536,0.0,0.0,0.0,1.0,0.0,376,0,12,0,same_patient,4
0.85,0.65,2,4,388,0.9690721649484536,0.0,0.0,0.0,1.0,0.0,376,0,12,0,same_patient,4
0.85,0.65,2,5,388,0.9690721649484536,0.0,0.0,0.0,1.0,0.0,376,0,12,0,same_patient,4
0.85,0.65,3,1,388,0.9690721649484536,0.0,0.0,0.0,1.0,0.0,376,0,12,0,same_patient,4
0.85,0.65,3,2,388,0.9690721649484536,0.0,0.0,0.0,1.0,0.0,376,0,12,0,same_patient,4
0.85,0.65,3,3,388,0.9690721649484536,0.0,0.0,0.0,1.0,0.0,376,0,12,0,same_patient,4
0.85,0.65,3,4,388,0.9690721649484536,0.0,0.0,0.0,1.0,0.0,376,0,12,0,same_patient,4
0.85,0.65,3,5,388,0.9690721649484536,0.0,0.0,0.0,1.0,0.0,376,0,12,0,same_patient,4
0.85,0.65,4,1,388,0.9690721649484536,0.0,0.0,0.0,1.0,0.0,376,0,12,0,same_patient,4
0.85,0.65,4,2,388,0.9690721649484536,0.0,0.0,0.0,1.0,0.0,376,0,12,0,same_patient,4
0.85,0.65,4,3,388,0.9690721649484536,0.0,0.0,0.0,1.0,0.0,376,0,12,0,same_patient,4
0.85,0.65,4,4,388,0.9690721649484536,0.0,0.0,0.0,1.0,0.0,376,0,12,0,same_patient,4
0.85,0.65,4,5,388,0.9690721649484536,0.0,0.0,0.0,1.0,0.0,376,0,12,0,same_patient,4
