scope,threshold,rows,accuracy,precision_walking,recall_walking,f1_walking,tn,fp,fn,tp
same_patient,0.01,356,0.4943820224719101,0.021739130434782608,1.0,0.0425531914893617,172,180,0,4
same_patient,0.02,356,0.5786516853932584,0.025974025974025976,1.0,0.05063291139240506,202,150,0,4
same_patient,0.03,356,0.6067415730337079,0.027777777777777776,1.0,0.05405405405405406,212,140,0,4
same_patient,0.04,356,0.6292134831460674,0.029411764705882353,1.0,0.05714285714285714,220,132,0,4
same_patient,0.05,356,0.6320224719101124,0.02962962962962963,1.0,0.05755395683453238,221,131,0,4
same_patient,0.06,356,0.6460674157303371,0.03076923076923077,1.0,0.05970149253731343,226,126,0,4
same_patient,0.07,356,0.6573033707865169,0.031746031746031744,1.0,0.06153846153846154,230,122,0,4
same_patient,0.08,356,0.6629213483146067,0.03225806451612903,1.0,0.0625,232,120,0,4
same_patient,0.09,356,0.6769662921348315,0.03361344537815126,1.0,0.06504065040650407,237,115,0,4
same_patient,0.1,356,0.6797752808988764,0.03389830508474576,1.0,0.06557377049180328,238,114,0,4
same_patient,0.11,356,0.6882022471910112,0.034782608695652174,1.0,0.06722689075630252,241,111,0,4
same_patient,0.12,356,0.6966292134831461,0.03571428571428571,1.0,0.06896551724137931,244,108,0,4
same_patient,0.13,356,0.699438202247191,0.036036036036036036,1.0,0.06956521739130435,245,107,0,4
same_patient,0.14,356,0.702247191011236,0.03636363636363636,1.0,0.07017543859649122,246,106,0,4
same_patient,0.15,356,0.7078651685393258,0.037037037037037035,1.0,0.07142857142857142,248,104,0,4
same_patient,0.16,356,0.7106741573033708,0.037383177570093455,1.0,0.07207207207207207,249,103,0,4
same_patient,0.17,356,0.7134831460674157,0.03773584905660377,1.0,0.07272727272727272,250,102,0,4
same_patient,0.18,356,0.7134831460674157,0.03773584905660377,1.0,0.07272727272727272,250,102,0,4
same_patient,0.19,356,0.7162921348314607,0.0380952380952381,1.0,0.07339449541284404,251,101,0,4
same_patient,0.2,356,0.7191011235955056,0.038461538461538464,1.0,0.07407407407407407,252,100,0,4
same_patient,0.21,356,0.7191011235955056,0.038461538461538464,1.0,0.07407407407407407,252,100,0,4
same_patient,0.22,356,0.7275280898876404,0.039603960396039604,1.0,0.0761904761904762,255,97,0,4
same_patient,0.23,356,0.7303370786516854,0.04,1.0,0.07692307692307693,256,96,0,4
same_patient,0.24,356,0.7359550561797753,0.04081632653061224,1.0,0.0784313725490196,258,94,0,4
same_patient,0.25,356,0.7387640449438202,0.041237113402061855,1.0,0.07920792079207921,259,93,0,4
same_patient,0.26,356,0.7415730337078652,0.041666666666666664,1.0,0.08,260,92,0,4
same_patient,0.27,356,0.7443820224719101,0.042105263157894736,1.0,0.08080808080808081,261,91,0,4
same_patient,0.28,356,0.7528089887640449,0.043478260869565216,1.0,0.08333333333333333,264,88,0,4
same_patient,0.29,356,0.7556179775280899,0.04395604395604396,1.0,0.08421052631578947,265,87,0,4
same_patient,0.3,356,0.7584269662921348,0.044444444444444446,1.0,0.0851063829787234,266,86,0,4
same_patient,0.31,356,0.7612359550561798,0.0449438202247191,1.0,0.08602150537634409,267,85,0,4
same_patient,0.32,356,0.7612359550561798,0.0449438202247191,1.0,0.08602150537634409,267,85,0,4
same_patient,0.33,356,0.7612359550561798,0.0449438202247191,1.0,0.08602150537634409,267,85,0,4
same_patient,0.34,356,0.7612359550561798,0.0449438202247191,1.0,0.08602150537634409,267,85,0,4
same_patient,0.35,356,0.7668539325842697,0.04597701149425287,1.0,0.08791208791208792,269,83,0,4
same_patient,0.36,356,0.7668539325842697,0.04597701149425287,1.0,0.08791208791208792,269,83,0,4
same_patient,0.37,356,0.7696629213483146,0.046511627906976744,1.0,0.08888888888888889,270,82,0,4
same_patient,0.38,356,0.7724719101123596,0.047058823529411764,1.0,0.0898876404494382,271,81,0,4
same_patient,0.39,356,0.7724719101123596,0.047058823529411764,1.0,0.0898876404494382,271,81,0,4
same_patient,0.4,356,0.7752808988764045,0.047619047619047616,1.0,0.09090909090909091,272,80,0,4
same_patient,0.41,356,0.7808988764044944,0.04878048780487805,1.0,0.09302325581395349,274,78,0,4
same_patient,0.42,356,0.7837078651685393,0.04938271604938271,1.0,0.09411764705882353,275,77,0,4
same_patient,0.43,356,0.7893258426966292,0.05063291139240506,1.0,0.0963855421686747,277,75,0,4
same_patient,0.44,356,0.7893258426966292,0.05063291139240506,1.0,0.0963855421686747,277,75,0,4
same_patient,0.45,356,0.7921348314606742,0.05128205128205128,1.0,0.0975609756097561,278,74,0,4
same_patient,0.46,356,0.7921348314606742,0.05128205128205128,1.0,0.0975609756097561,278,74,0,4
same_patient,0.47,356,0.7949438202247191,0.05194805194805195,1.0,0.09876543209876543,279,73,0,4
same_patient,0.48,356,0.797752808988764,0.05263157894736842,1.0,0.1,280,72,0,4
same_patient,0.49,356,0.800561797752809,0.05333333333333334,1.0,0.10126582278481013,281,71,0,4
same_patient,0.5,356,0.8033707865168539,0.05405405405405406,1.0,0.10256410256410256,282,70,0,4
same_patient,0.51,356,0.8033707865168539,0.05405405405405406,1.0,0.10256410256410256,282,70,0,4
same_patient,0.52,356,0.8061797752808989,0.0547945205479452,1.0,0.1038961038961039,283,69,0,4
same_patient,0.53,356,0.8089887640449438,0.05555555555555555,1.0,0.10526315789473684,284,68,0,4
same_patient,0.54,356,0.8089887640449438,0.05555555555555555,1.0,0.10526315789473684,284,68,0,4
same_patient,0.55,356,0.8117977528089888,0.056338028169014086,1.0,0.10666666666666667,285,67,0,4
same_patient,0.56,356,0.8117977528089888,0.056338028169014086,1.0,0.10666666666666667,285,67,0,4
same_patient,0.57,356,0.8117977528089888,0.056338028169014086,1.0,0.10666666666666667,285,67,0,4
same_patient,0.58,356,0.8174157303370787,0.057971014492753624,1.0,0.1095890410958904,287,65,0,4
same_patient,0.59,356,0.8174157303370787,0.057971014492753624,1.0,0.1095890410958904,287,65,0,4
same_patient,0.6,356,0.8174157303370787,0.057971014492753624,1.0,0.1095890410958904,287,65,0,4
same_patient,0.61,356,0.8202247191011236,0.058823529411764705,1.0,0.1111111111111111,288,64,0,4
same_patient,0.62,356,0.8230337078651685,0.05970149253731343,1.0,0.11267605633802817,289,63,0,4
same_patient,0.63,356,0.8258426966292135,0.06060606060606061,1.0,0.11428571428571428,290,62,0,4
same_patient,0.64,356,0.8258426966292135,0.06060606060606061,1.0,0.11428571428571428,290,62,0,4
same_patient,0.65,356,0.8258426966292135,0.06060606060606061,1.0,0.11428571428571428,290,62,0,4
same_patient,0.66,356,0.8286516853932584,0.06153846153846154,1.0,0.11594202898550725,291,61,0,4
same_patient,0.67,356,0.8314606741573034,0.0625,1.0,0.11764705882352941,292,60,0,4
same_patient,0.68,356,0.8314606741573034,0.0625,1.0,0.11764705882352941,292,60,0,4
same_patient,0.69,356,0.8426966292134831,0.06666666666666667,1.0,0.125,296,56,0,4
same_patient,0.7,356,0.8426966292134831,0.06666666666666667,1.0,0.125,296,56,0,4
same_patient,0.71,356,0.8426966292134831,0.06666666666666667,1.0,0.125,296,56,0,4
same_patient,0.72,356,0.8455056179775281,0.06779661016949153,1.0,0.12698412698412698,297,55,0,4
same_patient,0.73,356,0.848314606741573,0.06896551724137931,1.0,0.12903225806451613,298,54,0,4
same_patient,0.74,356,0.851123595505618,0.07017543859649122,1.0,0.13114754098360656,299,53,0,4
same_patient,0.75,356,0.8567415730337079,0.07272727272727272,1.0,0.13559322033898305,301,51,0,4
same_patient,0.76,356,0.8651685393258427,0.07692307692307693,1.0,0.14285714285714285,304,48,0,4
same_patient,0.77,356,0.8764044943820225,0.08333333333333333,1.0,0.15384615384615385,308,44,0,4
same_patient,0.78,356,0.8792134831460674,0.0851063829787234,1.0,0.1568627450980392,309,43,0,4
same_patient,0.79,356,0.8792134831460674,0.0851063829787234,1.0,0.1568627450980392,309,43,0,4
same_patient,0.8,356,0.8848314606741573,0.08888888888888889,1.0,0.16326530612244897,311,41,0,4
same_patient,0.81,356,0.8876404494382022,0.09090909090909091,1.0,0.16666666666666666,312,40,0,4
same_patient,0.82,356,0.8904494382022472,0.09302325581395349,1.0,0.1702127659574468,313,39,0,4
same_patient,0.83,356,0.8904494382022472,0.09302325581395349,1.0,0.1702127659574468,313,39,0,4
same_patient,0.84,356,0.8960674157303371,0.0975609756097561,1.0,0.17777777777777778,315,37,0,4
same_patient,0.85,356,0.898876404494382,0.1,1.0,0.18181818181818182,316,36,0,4
same_patient,0.86,356,0.898876404494382,0.1,1.0,0.18181818181818182,316,36,0,4
same_patient,0.87,356,0.898876404494382,0.1,1.0,0.18181818181818182,316,36,0,4
same_patient,0.88,356,0.9073033707865169,0.10810810810810811,1.0,0.1951219512195122,319,33,0,4
same_patient,0.89,356,0.9157303370786517,0.11764705882352941,1.0,0.21052631578947367,322,30,0,4
same_patient,0.9,356,0.9157303370786517,0.11764705882352941,1.0,0.21052631578947367,322,30,0,4
same_patient,0.91,356,0.9269662921348315,0.13333333333333333,1.0,0.23529411764705882,326,26,0,4
same_patient,0.92,356,0.9410112359550562,0.16,1.0,0.27586206896551724,331,21,0,4
same_patient,0.93,356,0.9466292134831461,0.17391304347826086,1.0,0.2962962962962963,333,19,0,4
same_patient,0.94,356,0.952247191011236,0.19047619047619047,1.0,0.32,335,17,0,4
same_patient,0.95,356,0.9578651685393258,0.21052631578947367,1.0,0.34782608695652173,337,15,0,4
same_patient,0.96,356,0.9662921348314607,0.21428571428571427,0.75,0.3333333333333333,341,11,1,3
same_patient,0.97,356,0.9691011235955056,0.1111111111111111,0.25,0.15384615384615385,344,8,3,1
same_patient,0.98,356,0.9747191011235955,0.14285714285714285,0.25,0.18181818181818182,346,6,3,1
same_patient,0.99,356,0.9859550561797753,0.0,0.0,0.0,351,1,4,0
